{
"type": "FeatureCollection",
"name": "Communes — communes_V",
"crs": { "type": "name", "properties": { "name": "urn:ogc:def:crs:OGC:1.3:CRS84" } },
"xy_coordinate_resolution": 1e-15,
"features": [
{ "type": "Feature", "properties": { "SOURCE": "BDCarto", "NOM": "Gueberschwihr", "CODE_INSEE": "68111", "STATUT": "Commune simple", "CANTON": "ROUFFACH", "ARROND": "GUEBWILLER", "DEPART": "HAUT-RHIN", "REGION": "ALSACE", "POPULATION": 816, "MULTI_CANT": "Non", "dissolve": 1 }, "geometry": { "type": "MultiPolygon", "coordinates": [ [ [ [ 7.299202226851591, 48.001437419760357 ], [ 7.299101386868652, 48.000452334388051 ], [ 7.299084834161378, 48.000290845854131 ], [ 7.299109904494562, 48.000129393555341 ], [ 7.298285420082167, 47.997918027281784 ], [ 7.297781591339138, 47.997970935864274 ], [ 7.297245853237174, 47.998041414631686 ], [ 7.296808120520391, 47.998083406161079 ], [ 7.296208757983938, 47.998134051734297 ], [ 7.295706501346586, 47.998175170785039 ], [ 7.295156696751468, 47.998224610775829 ], [ 7.294753882348822, 47.998252499374601 ], [ 7.294641052595879, 47.998251875798708 ], [ 7.294093441696575, 47.998324645221338 ], [ 7.29358124756581, 47.997589464975292 ], [ 7.291115798546035, 47.997639861823245 ], [ 7.291086202408848, 47.998181748680665 ], [ 7.289882021934688, 47.998367907697698 ], [ 7.289905900749543, 47.99890752894887 ], [ 7.288050684890856, 47.999166288676378 ], [ 7.287979607447962, 47.999124244847792 ], [ 7.287950088845689, 47.99881012600494 ], [ 7.287698908288253, 47.998280126909151 ], [ 7.287463994443578, 47.997208807053354 ], [ 7.28666591341209, 47.997287638200575 ], [ 7.286594839604112, 47.997245593488572 ], [ 7.285495028843841, 47.996255923354518 ], [ 7.284993316653257, 47.995916730004517 ], [ 7.28232272856235, 47.995353898988725 ], [ 7.280508685902356, 47.994619648463903 ], [ 7.279484811523265, 47.994437661609616 ], [ 7.278092197903226, 47.994460465981717 ], [ 7.277849434637472, 47.994477029815954 ], [ 7.277572159028267, 47.994497754279948 ], [ 7.277478571215001, 47.994516124664763 ], [ 7.27742610626644, 47.994543570339353 ], [ 7.277371060527769, 47.994586442809741 ], [ 7.275569800331084, 47.994918417784987 ], [ 7.274767530785248, 47.994952293276256 ], [ 7.274161623066396, 47.994932821572853 ], [ 7.273789919815224, 47.995263878253773 ], [ 7.273342946697721, 47.995508006175243 ], [ 7.272352706781067, 47.995684954886222 ], [ 7.271700948858398, 47.995892665594248 ], [ 7.270831804730421, 47.995929335060126 ], [ 7.270422257319731, 47.995856507602156 ], [ 7.269511102894051, 47.995444418946214 ], [ 7.266903361414225, 47.994833541512861 ], [ 7.266030033444474, 47.99482530038253 ], [ 7.265704147989295, 47.994929138645574 ], [ 7.265035584697086, 47.994957312276355 ], [ 7.263798600404588, 47.99464901448291 ], [ 7.261508465154748, 47.993844433433857 ], [ 7.261027898110114, 47.993729512979563 ], [ 7.260538946784085, 47.993524840073036 ], [ 7.259377261153541, 47.993303431191734 ], [ 7.254852075544715, 47.993719068331771 ], [ 7.253826805481822, 47.994383888776284 ], [ 7.253654411479791, 47.994449703399653 ], [ 7.253363020889951, 47.994563769613919 ], [ 7.252632486207387, 47.994819734777678 ], [ 7.251694607929172, 47.995112340354559 ], [ 7.250537200741561, 47.995598871806315 ], [ 7.250384441501392, 47.995688184051545 ], [ 7.249847689747144, 47.995992753875541 ], [ 7.249396348858084, 47.996335180688881 ], [ 7.248881173271251, 47.996885720193113 ], [ 7.24878657778298, 47.996994211876427 ], [ 7.248457824582489, 47.997312564406798 ], [ 7.248244890713076, 47.997490898722461 ], [ 7.247589677877067, 47.99776348890795 ], [ 7.247437825218309, 47.99783383716575 ], [ 7.247302525097683, 47.99796656194335 ], [ 7.246973878087164, 47.998819211831602 ], [ 7.246934021718152, 47.998967751737908 ], [ 7.246882149660428, 47.999405123316407 ], [ 7.246773022144001, 47.999804352153461 ], [ 7.246590015314481, 48.000318408602055 ], [ 7.246361701573687, 48.000792919138952 ], [ 7.246032920678521, 48.001313092521514 ], [ 7.245681481783149, 48.001820700121691 ], [ 7.245289916623249, 48.002344406365786 ], [ 7.245028395210747, 48.002693262586035 ], [ 7.244489542788898, 48.003322257456297 ], [ 7.244416240312528, 48.003400117396694 ], [ 7.244036434122628, 48.003762042330635 ], [ 7.243650520853005, 48.004116112752591 ], [ 7.243374602515831, 48.004310592959094 ], [ 7.243196479061516, 48.004430691299888 ], [ 7.242896568155252, 48.004583828698792 ], [ 7.242354333772619, 48.00484533822344 ], [ 7.241792116035216, 48.005123000158164 ], [ 7.24101021738267, 48.00550717871144 ], [ 7.240526137396535, 48.005859946403923 ], [ 7.24040434305125, 48.005950648211147 ], [ 7.240161926006443, 48.006086951537164 ], [ 7.239848367214846, 48.006310030385627 ], [ 7.239757332841308, 48.006385025949967 ], [ 7.239558795294457, 48.006545618183964 ], [ 7.239424957502745, 48.006680072204418 ], [ 7.239302736347046, 48.006838366580851 ], [ 7.239202918298812, 48.006977701683866 ], [ 7.239138380522704, 48.007048883234788 ], [ 7.23891491478763, 48.007374503162417 ], [ 7.238532453365383, 48.007708586550379 ], [ 7.238500100738669, 48.007736071489646 ], [ 7.238418906896351, 48.008017886334933 ], [ 7.238237126272015, 48.008546287638438 ], [ 7.238122568573575, 48.008902481828144 ], [ 7.237868901478485, 48.009322168308678 ], [ 7.237210917149753, 48.010144422886604 ], [ 7.237131072035075, 48.010238769367 ], [ 7.237130564383584, 48.010291049235768 ], [ 7.237122387737939, 48.010303109790854 ], [ 7.289233326084579, 48.008108715480077 ], [ 7.289159840037671, 48.005967323795709 ], [ 7.289360573712373, 48.004860445036222 ], [ 7.29005979627457, 48.004685769959337 ], [ 7.290606849206255, 48.004563488468591 ], [ 7.291087383285793, 48.004462042655021 ], [ 7.291650941283733, 48.004386812814424 ], [ 7.292434891251858, 48.004285123511899 ], [ 7.292889810949589, 48.004239719447675 ], [ 7.293574004544111, 48.004190905766272 ], [ 7.293566070446185, 48.002094488012439 ], [ 7.294040198824515, 48.002053670919096 ], [ 7.294334554445279, 48.002028580830952 ], [ 7.295452583450256, 48.001796473396517 ], [ 7.295654581051378, 48.001774394123323 ], [ 7.296267174680558, 48.001706973237575 ], [ 7.297334843582824, 48.001610339001211 ], [ 7.29809144951989, 48.001546712507022 ], [ 7.298935198453014, 48.001453253497665 ], [ 7.299202226851591, 48.001437419760357 ] ] ] ] } },
{ "type": "Feature", "properties": { "SOURCE": "BDCarto", "NOM": "Gundolsheim", "CODE_INSEE": "68116", "STATUT": "Commune simple", "CANTON": "ROUFFACH", "ARROND": "GUEBWILLER", "DEPART": "HAUT-RHIN", "REGION": "ALSACE", "POPULATION": 605, "MULTI_CANT": "Non", "dissolve": 1 }, "geometry": { "type": "MultiPolygon", "coordinates": [ [ [ [ 7.3285362048261, 47.937151194996922 ], [ 7.328593912084243, 47.937009957919351 ], [ 7.328670595379053, 47.93688503104206 ], [ 7.328739373063527, 47.936775760821028 ], [ 7.328801519247813, 47.936695609513556 ], [ 7.328821398004982, 47.936650605538901 ], [ 7.328845190025435, 47.93654776314866 ], [ 7.328893962869496, 47.936354643096308 ], [ 7.328935662383454, 47.93607261512463 ], [ 7.328975849931936, 47.935887971860758 ], [ 7.329063320709126, 47.93562200994046 ], [ 7.329115164251835, 47.935418846158811 ], [ 7.32914003588329, 47.935313254115954 ], [ 7.329167499299598, 47.935107527733386 ], [ 7.329208177121149, 47.934814729680589 ], [ 7.329247882183916, 47.934539995393706 ], [ 7.329288662040049, 47.934361634258508 ], [ 7.329284868828336, 47.934236541581839 ], [ 7.329248018485606, 47.934059696017734 ], [ 7.329161206782949, 47.93390751355377 ], [ 7.329149594159873, 47.933798975093886 ], [ 7.329165116407074, 47.933693782497627 ], [ 7.329251604739408, 47.933545006742193 ], [ 7.329306017101737, 47.933383183994913 ], [ 7.329318042044477, 47.933283547496622 ], [ 7.329326391174924, 47.933130902357561 ], [ 7.32933809977028, 47.933042092731945 ], [ 7.329373266985283, 47.932903620284925 ], [ 7.329425337961753, 47.932688731702704 ], [ 7.329477300044007, 47.932458528760698 ], [ 7.329491438698476, 47.932324559469954 ], [ 7.329518842867805, 47.932033229180121 ], [ 7.329530891494057, 47.93169299384703 ], [ 7.329538706583332, 47.931520546823059 ], [ 7.329533067910803, 47.931390126142674 ], [ 7.329524088122012, 47.931309409602946 ], [ 7.33137338430272, 47.931453826271195 ], [ 7.331569452949782, 47.931400386512429 ], [ 7.331233380168646, 47.930253035974864 ], [ 7.274261691598626, 47.932675105168855 ], [ 7.274262762672617, 47.932676142429429 ], [ 7.274574491841086, 47.932883729126644 ], [ 7.274678690126039, 47.932922576147135 ], [ 7.274743989669189, 47.93296126526252 ], [ 7.274804291764266, 47.933018187093552 ], [ 7.274907264860671, 47.933101238381475 ], [ 7.275133992790281, 47.933260154644962 ], [ 7.275229616952121, 47.933336307757081 ], [ 7.27528097370617, 47.933369278519883 ], [ 7.275406887255954, 47.933425228403294 ], [ 7.275526954695589, 47.933476018873939 ], [ 7.275664795938273, 47.933516145939727 ], [ 7.275797180377446, 47.933641204633162 ], [ 7.276124179521685, 47.933954468852136 ], [ 7.276868848618213, 47.933931089329903 ], [ 7.277071210474754, 47.933958574434499 ], [ 7.277191430307338, 47.933982324576732 ], [ 7.277421493840436, 47.93411946988774 ], [ 7.278374328026651, 47.934686492509762 ], [ 7.278804205883525, 47.934895378508962 ], [ 7.279743455032288, 47.935331408411827 ], [ 7.280582171571847, 47.935710412607932 ], [ 7.2812433895109, 47.936041057181029 ], [ 7.281711255123904, 47.936225798500566 ], [ 7.281875095114653, 47.936299960240788 ], [ 7.2819288671845, 47.936315705601693 ], [ 7.2820243907923, 47.936347705102527 ], [ 7.282146195721087, 47.936359669327132 ], [ 7.282336285897868, 47.936370544796546 ], [ 7.282615284771897, 47.936385765603916 ], [ 7.2836039694919, 47.936547547723855 ], [ 7.284647073137547, 47.936688995289103 ], [ 7.285519148580723, 47.936851195079029 ], [ 7.285869189357285, 47.936966122044126 ], [ 7.285918968029139, 47.936996452115082 ], [ 7.285971670652962, 47.93702936153641 ], [ 7.285972030795956, 47.937061785190977 ], [ 7.285985985730535, 47.937181938825873 ], [ 7.285987664739535, 47.937399929244449 ], [ 7.286009886325993, 47.93752243588807 ], [ 7.286009378560414, 47.937617070869599 ], [ 7.286002395933643, 47.937757034181082 ], [ 7.285986220400057, 47.937884771805308 ], [ 7.285965785175838, 47.938009986632245 ], [ 7.285934208540176, 47.938087916176457 ], [ 7.285915651655139, 47.93816168982179 ], [ 7.28594163943386, 47.938295750930699 ], [ 7.285971718574073, 47.938430539784655 ], [ 7.285992724084922, 47.938597250828508 ], [ 7.285991760237673, 47.938644147829038 ], [ 7.286031741445234, 47.938841592775049 ], [ 7.286161679789191, 47.939197421114962 ], [ 7.286252692626933, 47.939524261697876 ], [ 7.286319029223236, 47.939688151095368 ], [ 7.28632441906828, 47.939745591862774 ], [ 7.286307041173242, 47.939831930673236 ], [ 7.286288893530024, 47.939895775091138 ], [ 7.28628745986353, 47.939980537325269 ], [ 7.286465468429353, 47.940105454549354 ], [ 7.287019367195879, 47.940377540673524 ], [ 7.28719899151097, 47.940433906332252 ], [ 7.287289760483113, 47.940457993659031 ], [ 7.287462429891306, 47.940483115825842 ], [ 7.287556135325657, 47.94052419904925 ], [ 7.28770277662812, 47.940572049761663 ], [ 7.287949670923618, 47.940702155462901 ], [ 7.288676398988302, 47.940972316320959 ], [ 7.289663368213249, 47.941343174895685 ], [ 7.290474751977914, 47.941686328372803 ], [ 7.290639237134316, 47.941795593707965 ], [ 7.290868727555581, 47.941868762397206 ], [ 7.290985398854487, 47.941911572483789 ], [ 7.291069661909647, 47.9419377350806 ], [ 7.291274915064766, 47.941981293987297 ], [ 7.291382365829577, 47.941983044915865 ], [ 7.291549841389066, 47.941981349102498 ], [ 7.291667219426193, 47.941974569022072 ], [ 7.291817654104432, 47.941962782528826 ], [ 7.291929604724436, 47.941955331281427 ], [ 7.292068425747511, 47.941934125106222 ], [ 7.292217802192945, 47.941411468786526 ], [ 7.29319852428945, 47.941144596329842 ], [ 7.295051676662262, 47.940885747035324 ], [ 7.294996839008638, 47.940302368585535 ], [ 7.296232009352115, 47.939889506973955 ], [ 7.297521283836018, 47.939339170829449 ], [ 7.297721636460304, 47.939330663246452 ], [ 7.298063902755744, 47.940118097431913 ], [ 7.298338819386995, 47.940118136591266 ], [ 7.298617076587001, 47.940039638518712 ], [ 7.298927543391582, 47.939947156443424 ], [ 7.299174855030794, 47.939896102917736 ], [ 7.299661155734185, 47.939819578283277 ], [ 7.300219566830556, 47.939725570536694 ], [ 7.300471061415462, 47.939761742196346 ], [ 7.30052456116968, 47.939517976958875 ], [ 7.300046173810949, 47.939108481675774 ], [ 7.299722646663481, 47.938691504965064 ], [ 7.299446801529747, 47.938125624296774 ], [ 7.299341807903632, 47.937836328968451 ], [ 7.301167483923093, 47.937472214482938 ], [ 7.302027196968597, 47.937345568536387 ], [ 7.302962136648611, 47.937305827488082 ], [ 7.30308724960762, 47.937210399479596 ], [ 7.303232668461556, 47.936618506640251 ], [ 7.303545444719109, 47.936379935549979 ], [ 7.305553072973916, 47.936339615947205 ], [ 7.306333294654856, 47.936081153672752 ], [ 7.307823588634894, 47.93624302051289 ], [ 7.308633907013694, 47.93623286570088 ], [ 7.308623707338346, 47.936153102104583 ], [ 7.308591060062708, 47.935607525191664 ], [ 7.308477416264695, 47.93423097831473 ], [ 7.308384771491902, 47.933361756681528 ], [ 7.308385394812467, 47.93332568619789 ], [ 7.30838603590851, 47.933304032539255 ], [ 7.308441063766693, 47.933318811396212 ], [ 7.308527400715541, 47.933338565359641 ], [ 7.308691349267421, 47.933342400516679 ], [ 7.308890444327341, 47.933349244944644 ], [ 7.309060073391355, 47.933356442195112 ], [ 7.309230820249531, 47.933389723504362 ], [ 7.309466469913964, 47.933457186787685 ], [ 7.310484515649939, 47.933645427315916 ], [ 7.310543212558199, 47.933656444598647 ], [ 7.310700098321469, 47.933684907422183 ], [ 7.311474757792557, 47.933823129023033 ], [ 7.311697865964627, 47.933871297874333 ], [ 7.3118029211811, 47.9339046699397 ], [ 7.311954484982282, 47.933947775414367 ], [ 7.312282245483857, 47.934039244319635 ], [ 7.312833964207207, 47.934187853934525 ], [ 7.313230705985511, 47.934299810476574 ], [ 7.313440866548642, 47.934338615604624 ], [ 7.313113671914198, 47.934551698101799 ], [ 7.313033119969583, 47.934806536937387 ], [ 7.312974896995074, 47.935155941220415 ], [ 7.312899924225359, 47.935654740557176 ], [ 7.312855452557581, 47.936178372343797 ], [ 7.312871152999975, 47.936373242422533 ], [ 7.312948011340729, 47.936733112080667 ], [ 7.313237913288213, 47.93677843328642 ], [ 7.314168600244998, 47.936693727952502 ], [ 7.314623356057873, 47.936539185879099 ], [ 7.315435278873387, 47.934585236652516 ], [ 7.318298421324623, 47.934985815658806 ], [ 7.318042286550082, 47.93626369139001 ], [ 7.320203797639077, 47.93705728965201 ], [ 7.322438699842581, 47.937647672542674 ], [ 7.323349269931212, 47.938059361964896 ], [ 7.32382098077089, 47.938084281451296 ], [ 7.324801481315944, 47.937817143590252 ], [ 7.325741297340433, 47.937644548802588 ], [ 7.327197045710377, 47.937383225303172 ], [ 7.3285362048261, 47.937151194996922 ] ] ] ] } },
{ "type": "Feature", "properties": { "SOURCE": "BDCarto", "NOM": "Hattstatt", "CODE_INSEE": "68123", "STATUT": "Commune simple", "CANTON": "ROUFFACH", "ARROND": "GUEBWILLER", "DEPART": "HAUT-RHIN", "REGION": "ALSACE", "POPULATION": 784, "MULTI_CANT": "Non", "dissolve": 1 }, "geometry": { "type": "MultiPolygon", "coordinates": [ [ [ [ 7.322358160475655, 48.00670167731559 ], [ 7.321567348042005, 48.005622547992282 ], [ 7.320990913203227, 48.005731811357876 ], [ 7.320564344524887, 48.005665285165414 ], [ 7.320249968173025, 48.005322754961909 ], [ 7.319827546015732, 48.005115482271115 ], [ 7.318289619249242, 48.005180986263646 ], [ 7.31835412260158, 48.003577034477388 ], [ 7.318320066532755, 48.003316272779813 ], [ 7.313142253943862, 48.003282566601378 ], [ 7.31302876488716, 48.002791806937097 ], [ 7.31003259831305, 48.003054393197374 ], [ 7.309835394340358, 48.003098820159856 ], [ 7.303814546565571, 48.003478987224945 ], [ 7.303814347962754, 48.003305991780472 ], [ 7.303818381983557, 48.003106685790108 ], [ 7.303790032251826, 48.002948401635628 ], [ 7.303744283421985, 48.002705255386125 ], [ 7.303680525114917, 48.002427732411604 ], [ 7.303599211616364, 48.002220336622138 ], [ 7.303527410105332, 48.002071105934327 ], [ 7.303394861232009, 48.001790196320322 ], [ 7.303098396230249, 48.00179287243111 ], [ 7.302958813608511, 48.001793392424474 ], [ 7.301923444073277, 48.001691374736453 ], [ 7.300728675555031, 48.001578992626435 ], [ 7.299354773763715, 48.001446265831675 ], [ 7.299202226851591, 48.001437419760357 ], [ 7.298935198453014, 48.001453253497665 ], [ 7.29809144951989, 48.001546712507022 ], [ 7.297334843582824, 48.001610339001211 ], [ 7.296267174680558, 48.001706973237575 ], [ 7.295654581051378, 48.001774394123323 ], [ 7.295452583450256, 48.001796473396517 ], [ 7.294334554445279, 48.002028580830952 ], [ 7.294040198824515, 48.002053670919096 ], [ 7.293566070446185, 48.002094488012439 ], [ 7.293574004544111, 48.004190905766272 ], [ 7.292889810949589, 48.004239719447675 ], [ 7.292434891251858, 48.004285123511899 ], [ 7.291650941283733, 48.004386812814424 ], [ 7.291087383285793, 48.004462042655021 ], [ 7.290606849206255, 48.004563488468591 ], [ 7.29005979627457, 48.004685769959337 ], [ 7.289360573712373, 48.004860445036222 ], [ 7.289159840037671, 48.005967323795709 ], [ 7.289233326084579, 48.008108715480077 ], [ 7.322358160475655, 48.00670167731559 ] ] ], [ [ [ 7.323256728456006, 48.006663377417176 ], [ 7.323274592633151, 48.006466176753001 ], [ 7.322542144607385, 48.006693835877613 ], [ 7.323256728456006, 48.006663377417176 ] ] ] ] } },
{ "type": "Feature", "properties": { "SOURCE": "BDCarto", "NOM": "Herrlisheim-près-Colmar", "CODE_INSEE": "68134", "STATUT": "Commune simple", "CANTON": "WINTZENHEIM", "ARROND": "COLMAR", "DEPART": "HAUT-RHIN", "REGION": "ALSACE", "POPULATION": 1586, "MULTI_CANT": "Non", "dissolve": 1 }, "geometry": { "type": "MultiPolygon", "coordinates": [ [ [ [ 7.329191105577111, 48.006157953360074 ], [ 7.328844013026267, 48.006037604393597 ], [ 7.325550395325001, 48.006565582340649 ], [ 7.329526974703857, 48.006395925606881 ], [ 7.329191105577111, 48.006157953360074 ] ] ], [ [ [ 7.341564414415017, 48.005364301152248 ], [ 7.341862431841758, 48.005109157196195 ], [ 7.341860043961736, 48.004815504420172 ], [ 7.341893112693826, 48.004753716508631 ], [ 7.342008119873192, 48.004748795469013 ], [ 7.342103431514487, 48.004805090062675 ], [ 7.342208549550216, 48.004964590203748 ], [ 7.342314238062466, 48.005115956050645 ], [ 7.342407930466623, 48.005155199024635 ], [ 7.342583888412408, 48.005113427808951 ], [ 7.342663595184666, 48.005005490438293 ], [ 7.342701081690554, 48.004848898819596 ], [ 7.342629227902196, 48.004643822137197 ], [ 7.34161704889885, 48.004095118402915 ], [ 7.340703235409709, 48.00434146415175 ], [ 7.340284032805586, 48.004197200469839 ], [ 7.33700119131294, 48.005103500689692 ], [ 7.335647375108129, 48.005566851199241 ], [ 7.335384168804803, 48.005623153015648 ], [ 7.335145251939664, 48.005227874506787 ], [ 7.334543461136521, 48.005253587612842 ], [ 7.332166077463521, 48.005670515649754 ], [ 7.331119675372283, 48.00632793646799 ], [ 7.341019898523634, 48.005904826432264 ], [ 7.340973842419888, 48.005804968859337 ], [ 7.340978791071826, 48.005588496086688 ], [ 7.341124882680718, 48.005486730877521 ], [ 7.34137755420588, 48.005432668756406 ], [ 7.341564414415017, 48.005364301152248 ] ] ] ] } },
{ "type": "Feature", "properties": { "SOURCE": "BDCarto", "NOM": "Munwiller", "CODE_INSEE": "68228", "STATUT": "Commune simple", "CANTON": "ENSISHEIM", "ARROND": "GUEBWILLER", "DEPART": "HAUT-RHIN", "REGION": "ALSACE", "POPULATION": 436, "MULTI_CANT": "Non", "dissolve": 1 }, "geometry": { "type": "MultiPolygon", "coordinates": [ [ [ [ 7.343449271466068, 47.948211339845351 ], [ 7.34346974172892, 47.948200188488322 ], [ 7.341686873268999, 47.929805582898148 ], [ 7.331233380168646, 47.930253035974864 ], [ 7.331569452949782, 47.931400386512429 ], [ 7.33137338430272, 47.931453826271195 ], [ 7.329524088122012, 47.931309409602946 ], [ 7.329533067910803, 47.931390126142674 ], [ 7.329538706583332, 47.931520546823059 ], [ 7.329530891494057, 47.93169299384703 ], [ 7.329518842867805, 47.932033229180121 ], [ 7.329491438698476, 47.932324559469954 ], [ 7.329477300044007, 47.932458528760698 ], [ 7.329425337961753, 47.932688731702704 ], [ 7.329373266985283, 47.932903620284925 ], [ 7.32933809977028, 47.933042092731945 ], [ 7.329326391174924, 47.933130902357561 ], [ 7.329318042044477, 47.933283547496622 ], [ 7.329306017101737, 47.933383183994913 ], [ 7.329251604739408, 47.933545006742193 ], [ 7.329165116407074, 47.933693782497627 ], [ 7.329149594159873, 47.933798975093886 ], [ 7.329161206782949, 47.93390751355377 ], [ 7.329248018485606, 47.934059696017734 ], [ 7.329284868828336, 47.934236541581839 ], [ 7.329288662040049, 47.934361634258508 ], [ 7.329247882183916, 47.934539995393706 ], [ 7.329208177121149, 47.934814729680589 ], [ 7.329167499299598, 47.935107527733386 ], [ 7.32914003588329, 47.935313254115954 ], [ 7.329115164251835, 47.935418846158811 ], [ 7.329063320709126, 47.93562200994046 ], [ 7.328975849931936, 47.935887971860758 ], [ 7.328935662383454, 47.93607261512463 ], [ 7.328893962869496, 47.936354643096308 ], [ 7.328845190025435, 47.93654776314866 ], [ 7.328821398004982, 47.936650605538901 ], [ 7.328801519247813, 47.936695609513556 ], [ 7.328739373063527, 47.936775760821028 ], [ 7.328670595379053, 47.93688503104206 ], [ 7.328593912084243, 47.937009957919351 ], [ 7.3285362048261, 47.937151194996922 ], [ 7.328524570731981, 47.937184132145703 ], [ 7.32852232418607, 47.937188733699365 ], [ 7.328485769758448, 47.937298429065734 ], [ 7.328466547703282, 47.937492088292579 ], [ 7.328467305019662, 47.93759928820176 ], [ 7.32845498428468, 47.937724168035352 ], [ 7.328445357971444, 47.93786335050897 ], [ 7.328482902860495, 47.938005022954705 ], [ 7.328590093387312, 47.938159939462849 ], [ 7.328707946216975, 47.938299982498535 ], [ 7.32884757955553, 47.938485952503143 ], [ 7.32899872494047, 47.938666023754003 ], [ 7.329112789828094, 47.938836866095102 ], [ 7.329205678533107, 47.939024833299243 ], [ 7.329287056750597, 47.939218699007917 ], [ 7.329369200091924, 47.939420641969278 ], [ 7.329414437099518, 47.939516028753864 ], [ 7.329481785789264, 47.939604162775282 ], [ 7.3296086304469, 47.939725798533402 ], [ 7.329698624620051, 47.939826481308323 ], [ 7.329780605149494, 47.939927506515545 ], [ 7.329917395647854, 47.940055024689734 ], [ 7.330153777285203, 47.940228748325957 ], [ 7.330411602664343, 47.940444808308925 ], [ 7.330708199321408, 47.94073039830112 ], [ 7.331016103513838, 47.941036229827695 ], [ 7.33126011755034, 47.941276307482376 ], [ 7.331465348845842, 47.941588329448095 ], [ 7.331732729416641, 47.941919320694801 ], [ 7.332012292510205, 47.942293945023678 ], [ 7.332186130484517, 47.942500976953035 ], [ 7.332469937744822, 47.942863704421107 ], [ 7.332690142332307, 47.943135435378629 ], [ 7.332838812658107, 47.943317410416171 ], [ 7.332984315377455, 47.943550884130019 ], [ 7.33322179586651, 47.943962448922917 ], [ 7.333480276559857, 47.944397445218435 ], [ 7.33361118757468, 47.944590091154879 ], [ 7.333787264012698, 47.944877224274656 ], [ 7.334077887329578, 47.945354098106058 ], [ 7.334294822720332, 47.945704363046779 ], [ 7.334520981130193, 47.946123618751287 ], [ 7.334666229100461, 47.946297628190628 ], [ 7.334796468744335, 47.946483092817353 ], [ 7.334905761297325, 47.946673958934376 ], [ 7.335045573779643, 47.946889651630812 ], [ 7.335158730567321, 47.947092967807613 ], [ 7.335245070871347, 47.947239759927733 ], [ 7.335302678375888, 47.947380572284942 ], [ 7.335310103828937, 47.947473069142227 ], [ 7.335264095237219, 47.947567851878794 ], [ 7.335165587957888, 47.94767479263313 ], [ 7.335072388785359, 47.947809440669552 ], [ 7.335020981283606, 47.948017093132499 ], [ 7.33498554378902, 47.948237579063104 ], [ 7.334942566097217, 47.948491728591563 ], [ 7.334921082165064, 47.948717925323564 ], [ 7.334949861364389, 47.948894213124717 ], [ 7.335020163461565, 47.949084043620417 ], [ 7.335067290274205, 47.949199172123912 ], [ 7.335131733774692, 47.949284724315262 ], [ 7.335260810941893, 47.949372918275202 ], [ 7.335465379450121, 47.949465091541271 ], [ 7.335708494436694, 47.949539395408053 ], [ 7.336146822049804, 47.949607148976462 ], [ 7.336457763608618, 47.949647010456125 ], [ 7.336634885473661, 47.949704311707812 ], [ 7.336686636827057, 47.949740845097431 ], [ 7.336756716536538, 47.949659449661148 ], [ 7.336933225909184, 47.949653698850391 ], [ 7.337351014913719, 47.949674567946275 ], [ 7.337956740985396, 47.949682886326315 ], [ 7.338348415620355, 47.949668825077815 ], [ 7.338611221669988, 47.949639553362452 ], [ 7.338890150143959, 47.9495681396482 ], [ 7.339403010091118, 47.949431742166318 ], [ 7.340256759730901, 47.949184326413793 ], [ 7.341011385656728, 47.948980798388035 ], [ 7.341188067576456, 47.948934483457052 ], [ 7.341387741414809, 47.948904304681641 ], [ 7.341465110411349, 47.948885671919157 ], [ 7.342190113834522, 47.948652766699368 ], [ 7.343058429876885, 47.948615566672409 ], [ 7.343295784195326, 47.948290005901619 ], [ 7.343449271466068, 47.948211339845351 ] ] ] ] } },
{ "type": "Feature", "properties": { "SOURCE": "BDCarto", "NOM": "Niederentzen", "CODE_INSEE": "68234", "STATUT": "Commune simple", "CANTON": "ENSISHEIM", "ARROND": "GUEBWILLER", "DEPART": "HAUT-RHIN", "REGION": "ALSACE", "POPULATION": 322, "MULTI_CANT": "Non", "dissolve": 1 }, "geometry": { "type": "MultiPolygon", "coordinates": [ [ [ [ 7.344734649289207, 47.961242881944948 ], [ 7.344487309847477, 47.958693034603549 ], [ 7.344401280374943, 47.958873092741953 ], [ 7.344008214912892, 47.959593703147142 ], [ 7.343855769568099, 47.96019226511963 ], [ 7.343806093723272, 47.960771104894896 ], [ 7.34383133439546, 47.961262931563326 ], [ 7.343824587170872, 47.96140379400213 ], [ 7.344734649289207, 47.961242881944948 ] ] ] ] } },
{ "type": "Feature", "properties": { "SOURCE": "BDCarto", "NOM": "Niederhergheim", "CODE_INSEE": "68235", "STATUT": "Commune simple", "CANTON": "ENSISHEIM", "ARROND": "GUEBWILLER", "DEPART": "HAUT-RHIN", "REGION": "ALSACE", "POPULATION": 921, "MULTI_CANT": "Non", "dissolve": 1 }, "geometry": { "type": "MultiPolygon", "coordinates": [ [ [ [ 7.347823524560884, 47.993065341811459 ], [ 7.346219373478236, 47.99316065942056 ], [ 7.345967108074264, 47.993175970487236 ], [ 7.343779898838236, 47.993200250408321 ], [ 7.343863271283865, 47.993272372909672 ], [ 7.344096724001019, 47.993426376901056 ], [ 7.344212807425949, 47.993560175323537 ], [ 7.344230803059225, 47.993749536060768 ], [ 7.344204311085873, 47.993880428203269 ], [ 7.344187095369716, 47.993967670540705 ], [ 7.344242479983184, 47.993999540760804 ], [ 7.344379625789603, 47.993959426776478 ], [ 7.34448257605894, 47.99395501852262 ], [ 7.344576250255184, 47.993994259999944 ], [ 7.344609841855633, 47.994079326818415 ], [ 7.344522984093729, 47.994238935709014 ], [ 7.344471089088532, 47.994370915645028 ], [ 7.344459018869069, 47.994526420968043 ], [ 7.344472153995539, 47.994664627285111 ], [ 7.344564457987373, 47.994816564452933 ], [ 7.344650962329451, 47.994907475390058 ], [ 7.344896777345878, 47.994923081027984 ], [ 7.345154342112763, 47.994921062151448 ], [ 7.345781185680876, 47.994905930357866 ], [ 7.345993517797702, 47.994936484227416 ], [ 7.346022698336522, 47.995201057891187 ], [ 7.345930438687529, 47.995332064117264 ], [ 7.345455754872805, 47.995422679809579 ], [ 7.344541208010479, 47.995504194824377 ], [ 7.344253680807534, 47.995572373969338 ], [ 7.344260250919657, 47.996079409162689 ], [ 7.344641256102915, 47.996118963313933 ], [ 7.345420736992802, 47.996155869376629 ], [ 7.345614574483593, 47.996429610932644 ], [ 7.345523591385599, 47.996574078378103 ], [ 7.34557169548768, 47.996642303698209 ], [ 7.345913986391077, 47.996712346979919 ], [ 7.345998159998427, 47.996934015775338 ], [ 7.346023501022186, 47.997200555838177 ], [ 7.345903103841112, 47.997261580334971 ], [ 7.345526099279321, 47.997264210067016 ], [ 7.34546991014375, 47.997336901827872 ], [ 7.345512632577478, 47.997560346005578 ], [ 7.345596805851387, 47.997782014987465 ], [ 7.345611480491405, 47.997936374873866 ], [ 7.345519129720808, 47.998066483140271 ], [ 7.345208916200964, 47.998122119114235 ], [ 7.344703486315082, 47.998101410330086 ], [ 7.344537710938588, 47.998122925909286 ], [ 7.344422656067987, 47.9982260713671 ], [ 7.344430604689504, 47.998535707345134 ], [ 7.34457233176098, 47.998699044805605 ], [ 7.344837048864198, 47.998842698412702 ], [ 7.344911837482336, 47.998965649200748 ], [ 7.344895817562684, 47.999023104078262 ], [ 7.344550772082179, 47.999136097279191 ], [ 7.344561434832244, 47.999248277443442 ], [ 7.344755289692733, 47.99931026250966 ], [ 7.34515779833269, 47.999349796292769 ], [ 7.345167097411521, 47.999447617336799 ], [ 7.34489163551765, 47.999628818169327 ], [ 7.344173444404304, 48.000025411551043 ], [ 7.34405841221941, 48.000142972849403 ], [ 7.344008750047707, 48.000397404868743 ], [ 7.343949839902261, 48.000667551284629 ], [ 7.343901269141263, 48.000749827787438 ], [ 7.3438857593383, 48.000812667117039 ], [ 7.343896423795723, 48.00088249578323 ], [ 7.343897700417005, 48.000938308853655 ], [ 7.343917216287627, 48.000960000706804 ], [ 7.344024246918271, 48.000984253737812 ], [ 7.344186273259036, 48.001007954436574 ], [ 7.344264422715892, 48.00109561907302 ], [ 7.344305527273794, 48.001217308969203 ], [ 7.344340575593088, 48.001275280572024 ], [ 7.344427489008496, 48.001356262262128 ], [ 7.344517877089064, 48.001374919750603 ], [ 7.344643198804378, 48.001478586384394 ], [ 7.344760069119665, 48.001620460640225 ], [ 7.344780543458548, 48.001835846220992 ], [ 7.344769660540111, 48.002130969390983 ], [ 7.344889006707761, 48.002298869217555 ], [ 7.345028812744498, 48.002413629549096 ], [ 7.345284474609205, 48.002532439836081 ], [ 7.345298381774166, 48.002678722411332 ], [ 7.345144850156544, 48.002815053732277 ], [ 7.34489381599163, 48.002886175403937 ], [ 7.344498644629768, 48.00293823687413 ], [ 7.344332577730155, 48.002815589272672 ], [ 7.344105638993889, 48.00246216462218 ], [ 7.343946057056872, 48.002407721887451 ], [ 7.34368088324941, 48.002471336455208 ], [ 7.343423896464067, 48.002621104707188 ], [ 7.343363196220432, 48.002787701430407 ], [ 7.343361252328785, 48.002908530819397 ], [ 7.343425686446913, 48.003035529945869 ], [ 7.343684674164559, 48.003189343852434 ], [ 7.343628351462518, 48.00341612637596 ], [ 7.343638492385511, 48.00364997590691 ], [ 7.343707305573774, 48.003837160529564 ], [ 7.343659493218895, 48.004012216517779 ], [ 7.343474261053658, 48.004097638869425 ], [ 7.343350829469945, 48.004155185232001 ], [ 7.343311441680276, 48.00427761717129 ], [ 7.343404288732329, 48.004576409488259 ], [ 7.343352015458859, 48.004648030790221 ], [ 7.343214356670384, 48.004697174969756 ], [ 7.343041965726318, 48.004635169234504 ], [ 7.342799101820627, 48.004523916069061 ], [ 7.342659822550602, 48.004556008240719 ], [ 7.342629227902196, 48.004643822137197 ], [ 7.342701081690554, 48.004848898819596 ], [ 7.342663595184666, 48.005005490438293 ], [ 7.342583888412408, 48.005113427808951 ], [ 7.342407930466623, 48.005155199024635 ], [ 7.342314238062466, 48.005115956050645 ], [ 7.342208549550216, 48.004964590203748 ], [ 7.342103431514487, 48.004805090062675 ], [ 7.342008119873192, 48.004748795469013 ], [ 7.341893112693826, 48.004753716508631 ], [ 7.341860043961736, 48.004815504420172 ], [ 7.341862431841758, 48.005109157196195 ], [ 7.341564414415017, 48.005364301152248 ], [ 7.34137755420588, 48.005432668756406 ], [ 7.341124882680718, 48.005486730877521 ], [ 7.340978791071826, 48.005588496086688 ], [ 7.340973842419888, 48.005804968859337 ], [ 7.341019898523634, 48.005904826432264 ], [ 7.349037516433605, 48.005561555762817 ], [ 7.347823524560884, 47.993065341811459 ] ] ] ] } },
{ "type": "Feature", "properties": { "SOURCE": "BDCarto", "NOM": "Oberentzen", "CODE_INSEE": "68241", "STATUT": "Commune simple", "CANTON": "ENSISHEIM", "ARROND": "GUEBWILLER", "DEPART": "HAUT-RHIN", "REGION": "ALSACE", "POPULATION": 511, "MULTI_CANT": "Non", "dissolve": 1 }, "geometry": { "type": "MultiPolygon", "coordinates": [ [ [ [ 7.343479720356947, 47.948303105573963 ], [ 7.34346974172892, 47.948200188488322 ], [ 7.343449271466068, 47.948211339845351 ], [ 7.343479720356947, 47.948303105573963 ] ] ], [ [ [ 7.343792924065404, 47.951533203485361 ], [ 7.34355943501637, 47.949125248091683 ], [ 7.343424547484655, 47.949307256528257 ], [ 7.343332863088373, 47.949570706588929 ], [ 7.343273604218698, 47.949893142001308 ], [ 7.343284783016889, 47.950152184557901 ], [ 7.343289647201305, 47.950471872423549 ], [ 7.343293130685312, 47.950635726312022 ], [ 7.343385883310529, 47.950934527244478 ], [ 7.343420826741601, 47.951175430254153 ], [ 7.343556166860964, 47.951385899194662 ], [ 7.343792924065404, 47.951533203485361 ] ] ], [ [ [ 7.344012767816846, 47.953800231979237 ], [ 7.343738002312386, 47.953781382989085 ], [ 7.343728816117033, 47.954263873019485 ], [ 7.34395052267377, 47.954479652194991 ], [ 7.344081246367311, 47.954506342306757 ], [ 7.344012767816846, 47.953800231979237 ] ] ], [ [ [ 7.339976950484823, 47.96208400166438 ], [ 7.341900157909412, 47.961723214845136 ], [ 7.342359811514145, 47.961703529524613 ], [ 7.342860887000863, 47.96168206817913 ], [ 7.343824587170872, 47.96140379400213 ], [ 7.34383133439546, 47.961262931563326 ], [ 7.343806093723272, 47.960771104894896 ], [ 7.343855769568099, 47.96019226511963 ], [ 7.344008214912892, 47.959593703147142 ], [ 7.344401280374943, 47.958873092741953 ], [ 7.344487309847477, 47.958693034603549 ], [ 7.344114155793243, 47.954845678024213 ], [ 7.342945609759184, 47.955198541822952 ], [ 7.342273331500238, 47.955182283848423 ], [ 7.341584017584343, 47.954986529068847 ], [ 7.340765364209707, 47.954841364491259 ], [ 7.340172666049204, 47.95495685375753 ], [ 7.33980591580733, 47.955333000253617 ], [ 7.339349474475763, 47.955711182572067 ], [ 7.339278677171347, 47.955997161970004 ], [ 7.339195749699705, 47.95622598942235 ], [ 7.339225038535749, 47.956534717666159 ], [ 7.339191446705229, 47.956845236397498 ], [ 7.339044444270947, 47.957063289633204 ], [ 7.338727704563762, 47.95725977213506 ], [ 7.338499137891941, 47.957494832129136 ], [ 7.338270595129781, 47.957744308282095 ], [ 7.337814851719037, 47.958017023196575 ], [ 7.337472723389907, 47.958172236107849 ], [ 7.336983679118704, 47.958320217206378 ], [ 7.336867360109345, 47.958423414610962 ], [ 7.336827174554446, 47.958650410809412 ], [ 7.336907147830938, 47.959055190959539 ], [ 7.336888365878198, 47.959295689080683 ], [ 7.337103342759118, 47.959582054651932 ], [ 7.337167403423889, 47.959819008340581 ], [ 7.337192596933536, 47.96008465815855 ], [ 7.337292777097801, 47.960249780016056 ], [ 7.33724061641987, 47.960364650143362 ], [ 7.337102974073258, 47.960455243223116 ], [ 7.336933228543261, 47.960433670132431 ], [ 7.336583270135625, 47.960280134912232 ], [ 7.336254632758072, 47.960139203261711 ], [ 7.335976753159897, 47.960080803587658 ], [ 7.335606505433539, 47.96016602549961 ], [ 7.335332517075863, 47.960375086284117 ], [ 7.335073269334343, 47.960513229683066 ], [ 7.334687057833832, 47.960642384235626 ], [ 7.334511901801148, 47.960776029065862 ], [ 7.334465093872012, 47.960947438349706 ], [ 7.334751682993589, 47.961451516145445 ], [ 7.334948960805797, 47.961551212300691 ], [ 7.335315943608145, 47.961742771879145 ], [ 7.337300260643326, 47.962153498270887 ], [ 7.338728831593268, 47.962362700790223 ], [ 7.339321616060982, 47.962247219291619 ], [ 7.339976950484823, 47.96208400166438 ] ] ] ] } },
{ "type": "Feature", "properties": { "SOURCE": "BDCarto", "NOM": "Oberhergheim", "CODE_INSEE": "68242", "STATUT": "Commune simple", "CANTON": "ENSISHEIM", "ARROND": "GUEBWILLER", "DEPART": "HAUT-RHIN", "REGION": "ALSACE", "POPULATION": 1102, "MULTI_CANT": "Non", "dissolve": 1 }, "geometry": { "type": "MultiPolygon", "coordinates": [ [ [ [ 7.347823524560884, 47.993065341811459 ], [ 7.34603471531055, 47.974641280097508 ], [ 7.345749970109543, 47.974708176489891 ], [ 7.344972102992598, 47.974910910754971 ], [ 7.344782056095975, 47.97556604585462 ], [ 7.34433533409396, 47.976598924259719 ], [ 7.344172185846036, 47.977085299690842 ], [ 7.343358963198277, 47.977212941732901 ], [ 7.342761757657528, 47.977283570096851 ], [ 7.341163731764004, 47.977555633722012 ], [ 7.3412386739304, 47.977737151644448 ], [ 7.341219819856394, 47.977976750608072 ], [ 7.341163620452503, 47.97826120094296 ], [ 7.34114879749065, 47.978557396630272 ], [ 7.341228809469016, 47.979173929304139 ], [ 7.341122985660414, 47.979911053784534 ], [ 7.340725516978317, 47.980120901228425 ], [ 7.340280788163128, 47.980257077299449 ], [ 7.339852890299076, 47.980415058838297 ], [ 7.339174610806339, 47.980536894487273 ], [ 7.338166818246367, 47.980524140818744 ], [ 7.337454399516405, 47.980526679562232 ], [ 7.337036017354793, 47.980544573276418 ], [ 7.336743198202369, 47.980556194814163 ], [ 7.336170348434768, 47.980487878091772 ], [ 7.336087669625476, 47.980507633116304 ], [ 7.335962914003946, 47.980593165044503 ], [ 7.335996964554981, 47.980952147639933 ], [ 7.336636789526471, 47.981330281860792 ], [ 7.336734700656459, 47.982362355636567 ], [ 7.336563989577725, 47.98268503917398 ], [ 7.336477141482754, 47.983184355459152 ], [ 7.335784490859689, 47.983664518589684 ], [ 7.335868354937176, 47.983841152016083 ], [ 7.336219574284486, 47.984006354351322 ], [ 7.336374536169239, 47.984225002264324 ], [ 7.336253628783936, 47.984365336212797 ], [ 7.335285089407189, 47.984767181716443 ], [ 7.335460590660091, 47.984834469970117 ], [ 7.335536163619876, 47.984951985799626 ], [ 7.335564539003571, 47.985123782769477 ], [ 7.335642581316818, 47.985267324696167 ], [ 7.335782407247496, 47.985382994577812 ], [ 7.336101000580069, 47.985472999387497 ], [ 7.336617315313283, 47.985623933391508 ], [ 7.337211168385068, 47.985771549395714 ], [ 7.337516398312269, 47.985862122012783 ], [ 7.337799551152871, 47.985988780802259 ], [ 7.338060823571187, 47.986167737237174 ], [ 7.338230911828004, 47.986333472542086 ], [ 7.338391972429319, 47.986404077674493 ], [ 7.338669423125454, 47.986470605041319 ], [ 7.338894652791602, 47.986538464603754 ], [ 7.339086540682791, 47.986651002701443 ], [ 7.339343816656997, 47.986787775997577 ], [ 7.33950811758998, 47.986892482718744 ], [ 7.339652045848018, 47.987051225520403 ], [ 7.339697374779622, 47.987118670545527 ], [ 7.339911096572441, 47.987333899312041 ], [ 7.340041658672571, 47.98749321358256 ], [ 7.340167432548488, 47.987729325766338 ], [ 7.340226405621849, 47.988081834219564 ], [ 7.340189493670488, 47.988230292220351 ], [ 7.340062525761452, 47.98839161435388 ], [ 7.340057574963891, 47.988608089108048 ], [ 7.34019024444682, 47.988775422949935 ], [ 7.340344384653332, 47.988985090551182 ], [ 7.340379339396143, 47.989225989571452 ], [ 7.340408217596909, 47.989388753275747 ], [ 7.340456787731732, 47.989490300985914 ], [ 7.340634553609432, 47.989595331373707 ], [ 7.340821880936619, 47.989673820594369 ], [ 7.341013299692128, 47.989795387038654 ], [ 7.341222179559842, 47.989959458543616 ], [ 7.341482959158562, 47.98999155076946 ], [ 7.34170468578624, 47.990008193044346 ], [ 7.34189720214556, 47.989999953343997 ], [ 7.3420960392775, 47.989931069326843 ], [ 7.34229102750045, 47.98994885495916 ], [ 7.342314200298786, 47.990051489154297 ], [ 7.342258211966382, 47.990140390936382 ], [ 7.342036727517082, 47.990253497160126 ], [ 7.341795879055769, 47.990289937443677 ], [ 7.341748597595505, 47.990343323532507 ], [ 7.341733850927916, 47.990456591656894 ], [ 7.34179778139987, 47.990592624231773 ], [ 7.341991920634241, 47.990869962398136 ], [ 7.342112326335688, 47.990908061463124 ], [ 7.342278107087992, 47.990900965610813 ], [ 7.342397660547525, 47.990930089911942 ], [ 7.342497892357107, 47.991038436524825 ], [ 7.342546227799637, 47.991278762349431 ], [ 7.342699369072919, 47.991392953860874 ], [ 7.343019998813006, 47.991517997190449 ], [ 7.343196923958793, 47.991614049111611 ], [ 7.3433298941087, 47.99179848783222 ], [ 7.343334233140498, 47.991971312556309 ], [ 7.34325089831645, 47.992182132323698 ], [ 7.343203947689291, 47.992366163689724 ], [ 7.343217846406039, 47.992512447319214 ], [ 7.343242727513823, 47.99263303009792 ], [ 7.343349444893568, 47.992809581731699 ], [ 7.343604535732212, 47.993050066548292 ], [ 7.343779898838236, 47.993200250408321 ], [ 7.345967108074264, 47.993175970487236 ], [ 7.346219373478236, 47.99316065942056 ], [ 7.347823524560884, 47.993065341811459 ] ] ] ] } },
{ "type": "Feature", "properties": { "SOURCE": "BDCarto", "NOM": "Orschwihr", "CODE_INSEE": "68250", "STATUT": "Commune simple", "CANTON": "GUEBWILLER", "ARROND": "GUEBWILLER", "DEPART": "HAUT-RHIN", "REGION": "ALSACE", "POPULATION": 920, "MULTI_CANT": "Non", "dissolve": 1 }, "geometry": { "type": "MultiPolygon", "coordinates": [ [ [ [ 7.24101081024645, 47.944518210569662 ], [ 7.241328087235013, 47.944324684034775 ], [ 7.243073067840729, 47.943620691207684 ], [ 7.24506011204962, 47.942636186919884 ], [ 7.247255807206823, 47.941732981161522 ], [ 7.247844380211144, 47.941558668139614 ], [ 7.247972861937147, 47.941498303331976 ], [ 7.248151271700897, 47.941470079527917 ], [ 7.248691752005449, 47.941312200459805 ], [ 7.249484864088809, 47.941188748887441 ], [ 7.249842219975534, 47.940778159829982 ], [ 7.249875948662194, 47.940780345686207 ], [ 7.253188233758239, 47.935298644010714 ], [ 7.253353244217935, 47.935170056567422 ], [ 7.254487690394796, 47.933509228199831 ], [ 7.213685843468056, 47.935219715003612 ], [ 7.21515366918374, 47.951092817877473 ], [ 7.215508838994278, 47.95099825865929 ], [ 7.215968338215886, 47.950702459797185 ], [ 7.216506913822457, 47.950725022624582 ], [ 7.218368745576274, 47.951277980081969 ], [ 7.2189699771145, 47.951252863198874 ], [ 7.219936044062043, 47.95119898312948 ], [ 7.220567755157393, 47.95077883538297 ], [ 7.221252517400838, 47.950468193740761 ], [ 7.221761199090796, 47.950081112900349 ], [ 7.223833452243204, 47.949141191842507 ], [ 7.225709490117426, 47.948718523254669 ], [ 7.228636191803943, 47.948460883278841 ], [ 7.23021526641632, 47.948307366465286 ], [ 7.230236142483935, 47.948301086019136 ], [ 7.23038143851132, 47.948262564028305 ], [ 7.233264958369645, 47.947381294248743 ], [ 7.23473345068266, 47.947149452659389 ], [ 7.234935097857644, 47.947125682386364 ], [ 7.236232315576135, 47.946970380976381 ], [ 7.237844535300894, 47.946192748612376 ], [ 7.238127428157459, 47.946061944930918 ], [ 7.238386524720931, 47.945920425184937 ], [ 7.238661400568875, 47.945775539700712 ], [ 7.239041565816356, 47.945565866227419 ], [ 7.2392457999589, 47.945454578435232 ], [ 7.239491446084739, 47.945341552636634 ], [ 7.23978393281465, 47.945198628405969 ], [ 7.23984822539759, 47.945154482535088 ], [ 7.24101081024645, 47.944518210569662 ] ] ] ] } },
{ "type": "Feature", "properties": { "SOURCE": "BDCarto", "NOM": "Osenbach", "CODE_INSEE": "68251", "STATUT": "Commune simple", "CANTON": "ROUFFACH", "ARROND": "GUEBWILLER", "DEPART": "HAUT-RHIN", "REGION": "ALSACE", "POPULATION": 831, "MULTI_CANT": "Non", "dissolve": 1 }, "geometry": { "type": "MultiPolygon", "coordinates": [ [ [ [ 7.232547580909735, 48.001591762174741 ], [ 7.232526785025309, 48.001512442541618 ], [ 7.232412736639111, 48.001310884210909 ], [ 7.232319341633251, 48.001071519924828 ], [ 7.232191949092019, 48.000740774224198 ], [ 7.232066139501544, 48.000441497552629 ], [ 7.231932242759919, 48.000055161065575 ], [ 7.231831350614604, 47.99972060291465 ], [ 7.231748011090038, 47.999387112140553 ], [ 7.231745862008708, 47.999277278618372 ], [ 7.231733540272853, 47.999057947332759 ], [ 7.231761743958704, 47.998884673718969 ], [ 7.23177330727169, 47.99874903796902 ], [ 7.231769397716628, 47.99866360541521 ], [ 7.231712940427878, 47.998474953500065 ], [ 7.231709367670587, 47.99837869469313 ], [ 7.231672562171751, 47.99814146667422 ], [ 7.231671766371415, 47.997959495446977 ], [ 7.231698407572633, 47.997668254453529 ], [ 7.231687834206688, 47.997482187300982 ], [ 7.231659966745593, 47.997268912484934 ], [ 7.231621818667747, 47.997060572951021 ], [ 7.231582006556996, 47.996819866562319 ], [ 7.231543015754925, 47.996645800745121 ], [ 7.231459073501232, 47.996421357309224 ], [ 7.231367278787172, 47.99618462824084 ], [ 7.231309995151636, 47.995972584284729 ], [ 7.231280859835509, 47.995832344439513 ], [ 7.231276730654646, 47.995614471996895 ], [ 7.231256975537068, 47.995387342291927 ], [ 7.231252089615931, 47.995190224782959 ], [ 7.231241411966002, 47.995104174309766 ], [ 7.23119128963634, 47.995012566390706 ], [ 7.231062738370992, 47.994726918458447 ], [ 7.231023484022587, 47.99462224149498 ], [ 7.230958503930824, 47.994457372102708 ], [ 7.230885521650969, 47.994206340204983 ], [ 7.23086424456572, 47.994063969349277 ], [ 7.230882758423627, 47.993873080681681 ], [ 7.230945424396528, 47.993565014570351 ], [ 7.230985775392284, 47.99326238723576 ], [ 7.231057913193284, 47.992825079445737 ], [ 7.231114968453254, 47.992557793440099 ], [ 7.231144991414018, 47.992461930450325 ], [ 7.231231358810092, 47.992279014032093 ], [ 7.231379731966703, 47.992098908582129 ], [ 7.231504357183863, 47.991981065848073 ], [ 7.231643856511837, 47.99186440244253 ], [ 7.231699789212552, 47.991744028382264 ], [ 7.23173356547403, 47.991674137497661 ], [ 7.231760335341005, 47.991543270779438 ], [ 7.231782522802342, 47.991348623712909 ], [ 7.231792815048283, 47.991286022827694 ], [ 7.231813485965483, 47.991147302187642 ], [ 7.231827965441593, 47.991043079290094 ], [ 7.23187062517835, 47.99085208031952 ], [ 7.232157553087487, 47.990227378859075 ], [ 7.232223690996752, 47.990043505955043 ], [ 7.232247454254138, 47.989894744444378 ], [ 7.232240298932112, 47.989745475157029 ], [ 7.2322404154247, 47.989587792300867 ], [ 7.232270291917193, 47.989374802612566 ], [ 7.232309104409366, 47.989185766272506 ], [ 7.232340898061234, 47.988993419643514 ], [ 7.232360068833754, 47.988824126841273 ], [ 7.232384510057996, 47.988624879797271 ], [ 7.232401846264224, 47.988435841353301 ], [ 7.232392028593487, 47.988229018261919 ], [ 7.232371690784511, 47.987981188733208 ], [ 7.232316844823953, 47.987723090563755 ], [ 7.232248870770557, 47.987511493856097 ], [ 7.232194091131858, 47.987340791593105 ], [ 7.232069156341087, 47.987007238776961 ], [ 7.231890331302684, 47.986657020323811 ], [ 7.231635520382672, 47.986081123658543 ], [ 7.231436471019854, 47.985773197998796 ], [ 7.231228995542554, 47.985417870754141 ], [ 7.230989217079292, 47.984931445494887 ], [ 7.230802961437806, 47.984616676305571 ], [ 7.230618423166545, 47.984118027207415 ], [ 7.230599970568761, 47.984063837341608 ], [ 7.230591997689792, 47.983862342846002 ], [ 7.230608085213688, 47.983674257663637 ], [ 7.230622839201686, 47.983471811964336 ], [ 7.230598073868818, 47.983262911033975 ], [ 7.23055450238036, 47.983082728745558 ], [ 7.230499743277458, 47.982868775929163 ], [ 7.230393368464455, 47.982575891525229 ], [ 7.230358885020681, 47.982479123591951 ], [ 7.230355127999826, 47.982467567576116 ], [ 7.230155001153445, 47.981873160992727 ], [ 7.229984223535183, 47.981537019447835 ], [ 7.229685010125053, 47.980959372950082 ], [ 7.22925219636197, 47.98011340615308 ], [ 7.228986240102266, 47.979575813403102 ], [ 7.228674026266492, 47.978959063727828 ], [ 7.228325124164543, 47.978409622674036 ], [ 7.228161437357175, 47.978482245060803 ], [ 7.228029665551088, 47.978551730036799 ], [ 7.227925465496258, 47.978614655329999 ], [ 7.227826691278538, 47.978692670871084 ], [ 7.227603818273733, 47.978879494609274 ], [ 7.227430500232414, 47.979021897170973 ], [ 7.227293032869222, 47.979131264254995 ], [ 7.227168691600472, 47.979208546491442 ], [ 7.2270014900356, 47.97928672017224 ], [ 7.226833205493209, 47.979353225647344 ], [ 7.226625659024762, 47.979401550446049 ], [ 7.226422964310959, 47.979429849570536 ], [ 7.226168884429512, 47.979468406283331 ], [ 7.225945050538924, 47.979500291586945 ], [ 7.225780867120783, 47.979538692431547 ], [ 7.225583171070955, 47.979606425801443 ], [ 7.225394239521492, 47.97969631779236 ], [ 7.225130266013915, 47.979830793589656 ], [ 7.224793917843988, 47.980024157380335 ], [ 7.224407341218479, 47.98025475933521 ], [ 7.22405049330063, 47.980516553806666 ], [ 7.223598712071999, 47.980825563412964 ], [ 7.223293165622405, 47.981061784690851 ], [ 7.222849495757761, 47.981545248729006 ], [ 7.21776636497717, 47.979322607180187 ], [ 7.220186238740114, 48.005441638315595 ], [ 7.22034278812562, 48.005257245304485 ], [ 7.220434621904374, 48.005132677428399 ], [ 7.220504634156105, 48.005018931467369 ], [ 7.220552082459213, 48.004893513434368 ], [ 7.220574017692828, 48.004811507560916 ], [ 7.22060533338868, 48.004685861988577 ], [ 7.220650131033735, 48.004502890437927 ], [ 7.220709248534519, 48.004257151871855 ], [ 7.220746822291383, 48.004155571968063 ], [ 7.220840418880569, 48.004006602930147 ], [ 7.222398478604084, 48.003130638383801 ], [ 7.222678524082442, 48.00303785148251 ], [ 7.22292229298516, 48.002944777140833 ], [ 7.22334245482454, 48.002770451431097 ], [ 7.22364874992717, 48.002656743388968 ], [ 7.223877882311328, 48.002579595438675 ], [ 7.224166700980419, 48.002480131152339 ], [ 7.224439386993052, 48.002380439179042 ], [ 7.224725940077054, 48.002299989192629 ], [ 7.22489546627657, 48.002246052935398 ], [ 7.225105710529529, 48.002153473599869 ], [ 7.225295305948025, 48.002069865846636 ], [ 7.225457820693245, 48.001983785508926 ], [ 7.225642893580201, 48.001923792309839 ], [ 7.225785259095383, 48.001852068687754 ], [ 7.225976268260224, 48.001783717752431 ], [ 7.226254463195463, 48.001685592977033 ], [ 7.226444559484816, 48.001592952188702 ], [ 7.226697338674444, 48.001510304803055 ], [ 7.226879483915015, 48.001447728870055 ], [ 7.2270730815522, 48.001378366790775 ], [ 7.227259075630628, 48.001299411176632 ], [ 7.227421909390775, 48.001245750792215 ], [ 7.227688904562489, 48.001128268433398 ], [ 7.227823066144805, 48.001083915372888 ], [ 7.227979299560014, 48.001017015013538 ], [ 7.22815751294526, 48.000955502360711 ], [ 7.228283816443338, 48.000913279349362 ], [ 7.228413719101225, 48.000851984494318 ], [ 7.228918497707237, 48.000736268140209 ], [ 7.229334620885093, 48.001154952310237 ], [ 7.229447543464397, 48.001460176307752 ], [ 7.229515088730656, 48.001739366948946 ], [ 7.229626592909459, 48.002043749091605 ], [ 7.22970120079852, 48.002167670632112 ], [ 7.229897602254623, 48.002244150082603 ], [ 7.230345339350857, 48.002323630194361 ], [ 7.230817143340035, 48.00243093404633 ], [ 7.231299844268282, 48.002409836685828 ], [ 7.231439185481793, 48.002377876938162 ], [ 7.231714432754416, 48.002349240078082 ], [ 7.231839983118374, 48.002313351873703 ], [ 7.231947150185431, 48.002253004534566 ], [ 7.232167839757722, 48.00211402333241 ], [ 7.232319317084035, 48.001995958531083 ], [ 7.232451656967166, 48.001859773217234 ], [ 7.232525650963084, 48.001745851955228 ], [ 7.23254405467867, 48.001669396740951 ], [ 7.232547580909735, 48.001591762174741 ] ] ] ] } },
{ "type": "Feature", "properties": { "SOURCE": "BDCarto", "NOM": "Pfaffenheim", "CODE_INSEE": "68255", "STATUT": "Commune simple", "CANTON": "ROUFFACH", "ARROND": "GUEBWILLER", "DEPART": "HAUT-RHIN", "REGION": "ALSACE", "POPULATION": 1186, "MULTI_CANT": "Non", "dissolve": 1 }, "geometry": { "type": "MultiPolygon", "coordinates": [ [ [ [ 7.299202226851591, 48.001437419760357 ], [ 7.299354773763715, 48.001446265831675 ], [ 7.300728675555031, 48.001578992626435 ], [ 7.301923444073277, 48.001691374736453 ], [ 7.302958813608511, 48.001793392424474 ], [ 7.303098396230249, 48.00179287243111 ], [ 7.303394861232009, 48.001790196320322 ], [ 7.303527410105332, 48.002071105934327 ], [ 7.303599211616364, 48.002220336622138 ], [ 7.303680525114917, 48.002427732411604 ], [ 7.303744283421985, 48.002705255386125 ], [ 7.303790032251826, 48.002948401635628 ], [ 7.303818381983557, 48.003106685790108 ], [ 7.303814347962754, 48.003305991780472 ], [ 7.303814546565571, 48.003478987224945 ], [ 7.309835394340358, 48.003098820159856 ], [ 7.31003259831305, 48.003054393197374 ], [ 7.31302876488716, 48.002791806937097 ], [ 7.311710365965114, 47.9980722217812 ], [ 7.310955208913023, 47.995761557591422 ], [ 7.311539023024504, 47.994835654649314 ], [ 7.311567746536408, 47.994428950546862 ], [ 7.31129940404328, 47.993719507257687 ], [ 7.311021670791046, 47.992199497674704 ], [ 7.310640826090493, 47.991720106167421 ], [ 7.310227021161008, 47.991602544285257 ], [ 7.310075468255699, 47.990707917025539 ], [ 7.309088831367969, 47.990721938675435 ], [ 7.309082618642243, 47.9906987749644 ], [ 7.308987257465695, 47.990285633272784 ], [ 7.308884281543667, 47.989862903443814 ], [ 7.308821215193742, 47.989479024896816 ], [ 7.3087137054434, 47.989036664032689 ], [ 7.308615030032333, 47.988574103838296 ], [ 7.308560216045864, 47.988306112546141 ], [ 7.308510861681565, 47.988195576820004 ], [ 7.308474796343036, 47.988154759753556 ], [ 7.308410673807018, 47.988129552701892 ], [ 7.308308052798588, 47.988123102741127 ], [ 7.307957818237695, 47.988166826523347 ], [ 7.307557221331685, 47.988231612549434 ], [ 7.307215684098521, 47.988282172921245 ], [ 7.307133388027687, 47.988291978376253 ], [ 7.30705391761584, 47.988289048669458 ], [ 7.307017464952737, 47.988272576596749 ], [ 7.306942595470589, 47.988204574110917 ], [ 7.306905851881861, 47.988085392213762 ], [ 7.306833042338682, 47.987854208155326 ], [ 7.30667177499824, 47.987510545359832 ], [ 7.306598461343328, 47.987345160823288 ], [ 7.306585902334948, 47.987254686339412 ], [ 7.306596680182436, 47.987183944678044 ], [ 7.306695653623631, 47.986938250941421 ], [ 7.306848417792946, 47.986537088509053 ], [ 7.306939449961062, 47.986221448254739 ], [ 7.30703307010361, 47.98590479675439 ], [ 7.307200703272525, 47.985504803531974 ], [ 7.307258044833572, 47.985315843957935 ], [ 7.307259647524525, 47.985190526653788 ], [ 7.306938197279965, 47.985183465670168 ], [ 7.306654261163778, 47.985104525684008 ], [ 7.306376434889882, 47.985033435025791 ], [ 7.306180122935188, 47.985001229921856 ], [ 7.305964791369216, 47.984995062801453 ], [ 7.305811546419076, 47.984992564405268 ], [ 7.305229906158131, 47.984987544693531 ], [ 7.30507666126464, 47.984985045335421 ], [ 7.30467226116272, 47.984995018713825 ], [ 7.304205520656978, 47.984998628324036 ], [ 7.304010411006509, 47.984993400696965 ], [ 7.303869350266468, 47.984977767183238 ], [ 7.303721504343765, 47.984947103518188 ], [ 7.303523063340233, 47.984878040579076 ], [ 7.302812789453695, 47.984761333564741 ], [ 7.302800644125401, 47.984660929508706 ], [ 7.302784742076935, 47.984563388206617 ], [ 7.302676755727991, 47.984385958135135 ], [ 7.302572595216922, 47.984192146234811 ], [ 7.302548519932395, 47.984107566989692 ], [ 7.302537341425285, 47.983974683304837 ], [ 7.302527945982605, 47.983718277229244 ], [ 7.302517213835396, 47.983461927889302 ], [ 7.302529558052737, 47.983293804497734 ], [ 7.302544696297959, 47.983084113167898 ], [ 7.302549438883856, 47.982992002525016 ], [ 7.302537411414821, 47.982921328719847 ], [ 7.302490482048927, 47.982722382942505 ], [ 7.302407057318073, 47.982463714214553 ], [ 7.30234791654459, 47.982177883070698 ], [ 7.302335285356009, 47.982015325610192 ], [ 7.302302510035889, 47.981695936141641 ], [ 7.302239211450744, 47.981351711816359 ], [ 7.302210290300802, 47.981115958227782 ], [ 7.302214441425737, 47.981017565135019 ], [ 7.302240117122158, 47.980891225776062 ], [ 7.302265688069846, 47.980820757295241 ], [ 7.302277822866936, 47.98046521964153 ], [ 7.302274202866961, 47.98014188853022 ], [ 7.302235196544281, 47.979927287786616 ], [ 7.302177496888722, 47.979656713352064 ], [ 7.302120739788539, 47.97948161251103 ], [ 7.302049601590309, 47.97929630951127 ], [ 7.301907628389641, 47.978971645206549 ], [ 7.301685006565235, 47.978545881152733 ], [ 7.301571456761889, 47.978309215641609 ], [ 7.300518094449293, 47.977597942300171 ], [ 7.300400552250427, 47.977062289393999 ], [ 7.300563014478687, 47.976649909238816 ], [ 7.300533433549157, 47.976335789761059 ], [ 7.29562592424035, 47.976949527336018 ], [ 7.294159840844675, 47.977056755157264 ], [ 7.293487299306874, 47.977040217074119 ], [ 7.289865342965284, 47.976840501248731 ], [ 7.289781965167422, 47.976838627174907 ], [ 7.289620400157776, 47.976847273862084 ], [ 7.289141485536379, 47.976891890065282 ], [ 7.288699562182313, 47.976916015158189 ], [ 7.288131500110454, 47.976954491313386 ], [ 7.288046123341568, 47.976959909162275 ], [ 7.287991464994022, 47.976935192022069 ], [ 7.287962190750979, 47.976894982853416 ], [ 7.287916948926188, 47.97684193393831 ], [ 7.287848574941913, 47.97679977631293 ], [ 7.287783067276592, 47.976788133418616 ], [ 7.287616649189981, 47.97678797221873 ], [ 7.287296264268255, 47.976791627194338 ], [ 7.286891851235351, 47.97681505820227 ], [ 7.286500214345774, 47.976831639463114 ], [ 7.286193797179089, 47.97685542448459 ], [ 7.285948203000421, 47.97688384245032 ], [ 7.285803182594104, 47.976897189841281 ], [ 7.285730521235337, 47.976923693223263 ], [ 7.285706243556853, 47.976965268668067 ], [ 7.285544087654154, 47.976967627265587 ], [ 7.285231215854991, 47.976965552150688 ], [ 7.284818830858616, 47.976946963451319 ], [ 7.284700868670885, 47.976948351561212 ], [ 7.284617260741768, 47.976972614313105 ], [ 7.284571910148419, 47.976989851593032 ], [ 7.284536915756719, 47.977003046340201 ], [ 7.284412786879947, 47.977024518460965 ], [ 7.28401454862882, 47.977042271725324 ], [ 7.283667681535386, 47.977049740467827 ], [ 7.283373269800854, 47.977044176102773 ], [ 7.2833099417197, 47.977041449116733 ], [ 7.283111611594089, 47.977044433764377 ], [ 7.282846375319667, 47.977063764461612 ], [ 7.282456419518351, 47.977098282124778 ], [ 7.282291684619245, 47.977116063293771 ], [ 7.281749464850598, 47.977086736702383 ], [ 7.280247902699119, 47.97715924720778 ], [ 7.280145474813458, 47.977154567522398 ], [ 7.279485560399934, 47.977272573781114 ], [ 7.276873957079858, 47.977371239207095 ], [ 7.27675058124302, 47.977400780705914 ], [ 7.27650241745492, 47.977473438778013 ], [ 7.27633226665141, 47.977519372938772 ], [ 7.276261591168162, 47.977524160987201 ], [ 7.276180213288278, 47.977514984271679 ], [ 7.276023104910668, 47.977442328830534 ], [ 7.275875597042533, 47.977357553913606 ], [ 7.275786106485942, 47.977333401734917 ], [ 7.27571032794705, 47.977326691329701 ], [ 7.275410821103171, 47.977324025307666 ], [ 7.275259600519877, 47.97731419397028 ], [ 7.275160510092126, 47.977302160524857 ], [ 7.274629248148619, 47.977432725705519 ], [ 7.273949058178312, 47.977191135211996 ], [ 7.273630504787176, 47.976899129957346 ], [ 7.273607286646767, 47.976765853479662 ], [ 7.273587792060273, 47.976715316639151 ], [ 7.273536226067981, 47.97668055088252 ], [ 7.273336863444368, 47.976629499430757 ], [ 7.273134399484996, 47.976559656492235 ], [ 7.272986066362819, 47.976480319354295 ], [ 7.272891291778232, 47.976414038693513 ], [ 7.272750871101345, 47.976290215640844 ], [ 7.272605180535705, 47.976153099135558 ], [ 7.272491357883199, 47.976084018145976 ], [ 7.272425426338125, 47.976053462626652 ], [ 7.272363680812854, 47.976038949299536 ], [ 7.272308626456234, 47.976038570308127 ], [ 7.272261591941843, 47.976037852731807 ], [ 7.271788161245154, 47.976040717749449 ], [ 7.270466471848062, 47.9762568873183 ], [ 7.268728827423663, 47.976330202256896 ], [ 7.266953402703139, 47.975999612563555 ], [ 7.263252180610027, 47.975164482352795 ], [ 7.2629848550055, 47.975175746783989 ], [ 7.263091230807608, 47.975696574297551 ], [ 7.263098698856297, 47.976006219392673 ], [ 7.263266706256113, 47.976238818200152 ], [ 7.263483947543416, 47.976538722644037 ], [ 7.26359567272137, 47.976829557573723 ], [ 7.263641980286835, 47.97710963346028 ], [ 7.263678640618275, 47.97750184548913 ], [ 7.263681688404519, 47.977821588172105 ], [ 7.261063963818636, 47.9795068931465 ], [ 7.25935648469145, 47.980536600044765 ], [ 7.258280629412434, 47.981145039437443 ], [ 7.257542776709733, 47.981679775018769 ], [ 7.256603891662358, 47.982246390935124 ], [ 7.255521037699349, 47.982866809557493 ], [ 7.25478836193958, 47.983241823902894 ], [ 7.254762713849154, 47.983254616115936 ], [ 7.254292609312479, 47.983495141177208 ], [ 7.254067794121616, 47.98363164158053 ], [ 7.25396094138375, 47.983694702310508 ], [ 7.253349138603456, 47.984027681132389 ], [ 7.2529180569397, 47.984355761652104 ], [ 7.252551652606664, 47.984744193723202 ], [ 7.252378148944902, 47.984984855268458 ], [ 7.252245991437999, 47.985150794722429 ], [ 7.251679996420211, 47.985773772486965 ], [ 7.251567544562697, 47.985877612464392 ], [ 7.250504160169783, 47.986866582496496 ], [ 7.250425039583875, 47.986939286512303 ], [ 7.25005040434066, 47.987283002993884 ], [ 7.249812110630539, 47.987433575571607 ], [ 7.248670094121572, 47.988227602441206 ], [ 7.248025967441025, 47.988747518641063 ], [ 7.248016024323375, 47.988756045480052 ], [ 7.246906222591218, 47.98976674800187 ], [ 7.245830391757035, 47.990825568135548 ], [ 7.244840007552113, 47.991908721827187 ], [ 7.243460069517416, 47.993248782152229 ], [ 7.242904499335122, 47.99356762476166 ], [ 7.242148938009248, 47.993929992526084 ], [ 7.24203837331813, 47.993982383974839 ], [ 7.241307789617839, 47.994295944016443 ], [ 7.240976921037334, 47.994563005339494 ], [ 7.240279412809274, 47.994958065217041 ], [ 7.239820252812617, 47.995202569745189 ], [ 7.239231469047211, 47.995424574055164 ], [ 7.23867895849224, 47.995560359162397 ], [ 7.237845051021415, 47.9957304589703 ], [ 7.237628926283488, 47.995773753927409 ], [ 7.236859876761875, 47.995847422929856 ], [ 7.235615132143649, 47.995872534838369 ], [ 7.235384218995122, 47.995872295159131 ], [ 7.235024871083588, 47.99629550526852 ], [ 7.23468174009066, 47.996662171886356 ], [ 7.234456457893536, 47.99695362333231 ], [ 7.234089021727001, 47.997665493029935 ], [ 7.234048055561752, 47.997744695520481 ], [ 7.233870187177029, 47.998315276505373 ], [ 7.233690980298879, 47.998871496702073 ], [ 7.233564986521549, 47.999552531443079 ], [ 7.233464849952889, 48.000049577614675 ], [ 7.23326682177643, 48.00063451550038 ], [ 7.232957524521656, 48.001307904290037 ], [ 7.232842650278648, 48.001473092667787 ], [ 7.232742086184877, 48.001546679764694 ], [ 7.232657158562782, 48.001586274877198 ], [ 7.232547580909735, 48.001591762174741 ], [ 7.23254405467867, 48.001669396740951 ], [ 7.232525650963084, 48.001745851955228 ], [ 7.232451656967166, 48.001859773217234 ], [ 7.232319317084035, 48.001995958531083 ], [ 7.232167839757722, 48.00211402333241 ], [ 7.231947150185431, 48.002253004534566 ], [ 7.231839983118374, 48.002313351873703 ], [ 7.231714432754416, 48.002349240078082 ], [ 7.231439185481793, 48.002377876938162 ], [ 7.231299844268282, 48.002409836685828 ], [ 7.230817143340035, 48.00243093404633 ], [ 7.230345339350857, 48.002323630194361 ], [ 7.229897602254623, 48.002244150082603 ], [ 7.22970120079852, 48.002167670632112 ], [ 7.229626592909459, 48.002043749091605 ], [ 7.229515088730656, 48.001739366948946 ], [ 7.229447543464397, 48.001460176307752 ], [ 7.229334620885093, 48.001154952310237 ], [ 7.228918497707237, 48.000736268140209 ], [ 7.228413719101225, 48.000851984494318 ], [ 7.228283816443338, 48.000913279349362 ], [ 7.22815751294526, 48.000955502360711 ], [ 7.227979299560014, 48.001017015013538 ], [ 7.227823066144805, 48.001083915372888 ], [ 7.227688904562489, 48.001128268433398 ], [ 7.227421909390775, 48.001245750792215 ], [ 7.227259075630628, 48.001299411176632 ], [ 7.2270730815522, 48.001378366790775 ], [ 7.226879483915015, 48.001447728870055 ], [ 7.226697338674444, 48.001510304803055 ], [ 7.226444559484816, 48.001592952188702 ], [ 7.226254463195463, 48.001685592977033 ], [ 7.225976268260224, 48.001783717752431 ], [ 7.225785259095383, 48.001852068687754 ], [ 7.225642893580201, 48.001923792309839 ], [ 7.225457820693245, 48.001983785508926 ], [ 7.225295305948025, 48.002069865846636 ], [ 7.225105710529529, 48.002153473599869 ], [ 7.22489546627657, 48.002246052935398 ], [ 7.224725940077054, 48.002299989192629 ], [ 7.224439386993052, 48.002380439179042 ], [ 7.224166700980419, 48.002480131152339 ], [ 7.223877882311328, 48.002579595438675 ], [ 7.22364874992717, 48.002656743388968 ], [ 7.22334245482454, 48.002770451431097 ], [ 7.22292229298516, 48.002944777140833 ], [ 7.222678524082442, 48.00303785148251 ], [ 7.222398478604084, 48.003130638383801 ], [ 7.220840418880569, 48.004006602930147 ], [ 7.220746822291383, 48.004155571968063 ], [ 7.220709248534519, 48.004257151871855 ], [ 7.220650131033735, 48.004502890437927 ], [ 7.22060533338868, 48.004685861988577 ], [ 7.220574017692828, 48.004811507560916 ], [ 7.220552082459213, 48.004893513434368 ], [ 7.220504634156105, 48.005018931467369 ], [ 7.220434621904374, 48.005132677428399 ], [ 7.22034278812562, 48.005257245304485 ], [ 7.220186238740114, 48.005441638315595 ], [ 7.220700577143467, 48.010989790819309 ], [ 7.237122387737939, 48.010303109790854 ], [ 7.237130564383584, 48.010291049235768 ], [ 7.237131072035075, 48.010238769367 ], [ 7.237210917149753, 48.010144422886604 ], [ 7.237868901478485, 48.009322168308678 ], [ 7.238122568573575, 48.008902481828144 ], [ 7.238237126272015, 48.008546287638438 ], [ 7.238418906896351, 48.008017886334933 ], [ 7.238500100738669, 48.007736071489646 ], [ 7.238532453365383, 48.007708586550379 ], [ 7.23891491478763, 48.007374503162417 ], [ 7.239138380522704, 48.007048883234788 ], [ 7.239202918298812, 48.006977701683866 ], [ 7.239302736347046, 48.006838366580851 ], [ 7.239424957502745, 48.006680072204418 ], [ 7.239558795294457, 48.006545618183964 ], [ 7.239757332841308, 48.006385025949967 ], [ 7.239848367214846, 48.006310030385627 ], [ 7.240161926006443, 48.006086951537164 ], [ 7.24040434305125, 48.005950648211147 ], [ 7.240526137396535, 48.005859946403923 ], [ 7.24101021738267, 48.00550717871144 ], [ 7.241792116035216, 48.005123000158164 ], [ 7.242354333772619, 48.00484533822344 ], [ 7.242896568155252, 48.004583828698792 ], [ 7.243196479061516, 48.004430691299888 ], [ 7.243374602515831, 48.004310592959094 ], [ 7.243650520853005, 48.004116112752591 ], [ 7.244036434122628, 48.003762042330635 ], [ 7.244416240312528, 48.003400117396694 ], [ 7.244489542788898, 48.003322257456297 ], [ 7.245028395210747, 48.002693262586035 ], [ 7.245289916623249, 48.002344406365786 ], [ 7.245681481783149, 48.001820700121691 ], [ 7.246032920678521, 48.001313092521514 ], [ 7.246361701573687, 48.000792919138952 ], [ 7.246590015314481, 48.000318408602055 ], [ 7.246773022144001, 47.999804352153461 ], [ 7.246882149660428, 47.999405123316407 ], [ 7.246934021718152, 47.998967751737908 ], [ 7.246973878087164, 47.998819211831602 ], [ 7.247302525097683, 47.99796656194335 ], [ 7.247437825218309, 47.99783383716575 ], [ 7.247589677877067, 47.99776348890795 ], [ 7.248244890713076, 47.997490898722461 ], [ 7.248457824582489, 47.997312564406798 ], [ 7.24878657778298, 47.996994211876427 ], [ 7.248881173271251, 47.996885720193113 ], [ 7.249396348858084, 47.996335180688881 ], [ 7.249847689747144, 47.995992753875541 ], [ 7.250384441501392, 47.995688184051545 ], [ 7.250537200741561, 47.995598871806315 ], [ 7.251694607929172, 47.995112340354559 ], [ 7.252632486207387, 47.994819734777678 ], [ 7.253363020889951, 47.994563769613919 ], [ 7.253654411479791, 47.994449703399653 ], [ 7.253826805481822, 47.994383888776284 ], [ 7.254852075544715, 47.993719068331771 ], [ 7.259377261153541, 47.993303431191734 ], [ 7.260538946784085, 47.993524840073036 ], [ 7.261027898110114, 47.993729512979563 ], [ 7.261508465154748, 47.993844433433857 ], [ 7.263798600404588, 47.99464901448291 ], [ 7.265035584697086, 47.994957312276355 ], [ 7.265704147989295, 47.994929138645574 ], [ 7.266030033444474, 47.99482530038253 ], [ 7.266903361414225, 47.994833541512861 ], [ 7.269511102894051, 47.995444418946214 ], [ 7.270422257319731, 47.995856507602156 ], [ 7.270831804730421, 47.995929335060126 ], [ 7.271700948858398, 47.995892665594248 ], [ 7.272352706781067, 47.995684954886222 ], [ 7.273342946697721, 47.995508006175243 ], [ 7.273789919815224, 47.995263878253773 ], [ 7.274161623066396, 47.994932821572853 ], [ 7.274767530785248, 47.994952293276256 ], [ 7.275569800331084, 47.994918417784987 ], [ 7.277371060527769, 47.994586442809741 ], [ 7.27742610626644, 47.994543570339353 ], [ 7.277478571215001, 47.994516124664763 ], [ 7.277572159028267, 47.994497754279948 ], [ 7.277849434637472, 47.994477029815954 ], [ 7.278092197903226, 47.994460465981717 ], [ 7.279484811523265, 47.994437661609616 ], [ 7.280508685902356, 47.994619648463903 ], [ 7.28232272856235, 47.995353898988725 ], [ 7.284993316653257, 47.995916730004517 ], [ 7.285495028843841, 47.996255923354518 ], [ 7.286594839604112, 47.997245593488572 ], [ 7.28666591341209, 47.997287638200575 ], [ 7.287463994443578, 47.997208807053354 ], [ 7.287698908288253, 47.998280126909151 ], [ 7.287950088845689, 47.99881012600494 ], [ 7.287979607447962, 47.999124244847792 ], [ 7.288050684890856, 47.999166288676378 ], [ 7.289905900749543, 47.99890752894887 ], [ 7.289882021934688, 47.998367907697698 ], [ 7.291086202408848, 47.998181748680665 ], [ 7.291115798546035, 47.997639861823245 ], [ 7.29358124756581, 47.997589464975292 ], [ 7.294093441696575, 47.998324645221338 ], [ 7.294641052595879, 47.998251875798708 ], [ 7.294753882348822, 47.998252499374601 ], [ 7.295156696751468, 47.998224610775829 ], [ 7.295706501346586, 47.998175170785039 ], [ 7.296208757983938, 47.998134051734297 ], [ 7.296808120520391, 47.998083406161079 ], [ 7.297245853237174, 47.998041414631686 ], [ 7.297781591339138, 47.997970935864274 ], [ 7.298285420082167, 47.997918027281784 ], [ 7.299109904494562, 48.000129393555341 ], [ 7.299084834161378, 48.000290845854131 ], [ 7.299101386868652, 48.000452334388051 ], [ 7.299202226851591, 48.001437419760357 ] ] ] ] } },
{ "type": "Feature", "properties": { "SOURCE": "BDCarto", "NOM": "Rouffach", "CODE_INSEE": "68287", "STATUT": "Chef-lieu de canton", "CANTON": "ROUFFACH", "ARROND": "GUEBWILLER", "DEPART": "HAUT-RHIN", "REGION": "ALSACE", "POPULATION": 4187, "MULTI_CANT": "Non", "dissolve": 1 }, "geometry": { "type": "MultiPolygon", "coordinates": [ [ [ [ 7.342629227902196, 48.004643822137197 ], [ 7.342659822550602, 48.004556008240719 ], [ 7.342799101820627, 48.004523916069061 ], [ 7.343041965726318, 48.004635169234504 ], [ 7.343214356670384, 48.004697174969756 ], [ 7.343352015458859, 48.004648030790221 ], [ 7.343404288732329, 48.004576409488259 ], [ 7.343311441680276, 48.00427761717129 ], [ 7.343350829469945, 48.004155185232001 ], [ 7.343474261053658, 48.004097638869425 ], [ 7.343659493218895, 48.004012216517779 ], [ 7.343707305573774, 48.003837160529564 ], [ 7.343638492385511, 48.00364997590691 ], [ 7.343628351462518, 48.00341612637596 ], [ 7.343684674164559, 48.003189343852434 ], [ 7.343425686446913, 48.003035529945869 ], [ 7.343361252328785, 48.002908530819397 ], [ 7.343363196220432, 48.002787701430407 ], [ 7.343423896464067, 48.002621104707188 ], [ 7.34368088324941, 48.002471336455208 ], [ 7.343946057056872, 48.002407721887451 ], [ 7.344105638993889, 48.00246216462218 ], [ 7.344332577730155, 48.002815589272672 ], [ 7.344498644629768, 48.00293823687413 ], [ 7.34489381599163, 48.002886175403937 ], [ 7.345144850156544, 48.002815053732277 ], [ 7.345298381774166, 48.002678722411332 ], [ 7.345284474609205, 48.002532439836081 ], [ 7.345028812744498, 48.002413629549096 ], [ 7.344889006707761, 48.002298869217555 ], [ 7.344769660540111, 48.002130969390983 ], [ 7.344780543458548, 48.001835846220992 ], [ 7.344760069119665, 48.001620460640225 ], [ 7.344643198804378, 48.001478586384394 ], [ 7.344517877089064, 48.001374919750603 ], [ 7.344427489008496, 48.001356262262128 ], [ 7.344340575593088, 48.001275280572024 ], [ 7.344305527273794, 48.001217308969203 ], [ 7.344264422715892, 48.00109561907302 ], [ 7.344186273259036, 48.001007954436574 ], [ 7.344024246918271, 48.000984253737812 ], [ 7.343917216287627, 48.000960000706804 ], [ 7.343897700417005, 48.000938308853655 ], [ 7.343896423795723, 48.00088249578323 ], [ 7.3438857593383, 48.000812667117039 ], [ 7.343901269141263, 48.000749827787438 ], [ 7.343949839902261, 48.000667551284629 ], [ 7.344008750047707, 48.000397404868743 ], [ 7.34405841221941, 48.000142972849403 ], [ 7.344173444404304, 48.000025411551043 ], [ 7.34489163551765, 47.999628818169327 ], [ 7.345167097411521, 47.999447617336799 ], [ 7.34515779833269, 47.999349796292769 ], [ 7.344755289692733, 47.99931026250966 ], [ 7.344561434832244, 47.999248277443442 ], [ 7.344550772082179, 47.999136097279191 ], [ 7.344895817562684, 47.999023104078262 ], [ 7.344911837482336, 47.998965649200748 ], [ 7.344837048864198, 47.998842698412702 ], [ 7.34457233176098, 47.998699044805605 ], [ 7.344430604689504, 47.998535707345134 ], [ 7.344422656067987, 47.9982260713671 ], [ 7.344537710938588, 47.998122925909286 ], [ 7.344703486315082, 47.998101410330086 ], [ 7.345208916200964, 47.998122119114235 ], [ 7.345519129720808, 47.998066483140271 ], [ 7.345611480491405, 47.997936374873866 ], [ 7.345596805851387, 47.997782014987465 ], [ 7.345512632577478, 47.997560346005578 ], [ 7.34546991014375, 47.997336901827872 ], [ 7.345526099279321, 47.997264210067016 ], [ 7.345903103841112, 47.997261580334971 ], [ 7.346023501022186, 47.997200555838177 ], [ 7.345998159998427, 47.996934015775338 ], [ 7.345913986391077, 47.996712346979919 ], [ 7.34557169548768, 47.996642303698209 ], [ 7.345523591385599, 47.996574078378103 ], [ 7.345614574483593, 47.996429610932644 ], [ 7.345420736992802, 47.996155869376629 ], [ 7.344641256102915, 47.996118963313933 ], [ 7.344260250919657, 47.996079409162689 ], [ 7.344253680807534, 47.995572373969338 ], [ 7.344541208010479, 47.995504194824377 ], [ 7.345455754872805, 47.995422679809579 ], [ 7.345930438687529, 47.995332064117264 ], [ 7.346022698336522, 47.995201057891187 ], [ 7.345993517797702, 47.994936484227416 ], [ 7.345781185680876, 47.994905930357866 ], [ 7.345154342112763, 47.994921062151448 ], [ 7.344896777345878, 47.994923081027984 ], [ 7.344650962329451, 47.994907475390058 ], [ 7.344564457987373, 47.994816564452933 ], [ 7.344472153995539, 47.994664627285111 ], [ 7.344459018869069, 47.994526420968043 ], [ 7.344471089088532, 47.994370915645028 ], [ 7.344522984093729, 47.994238935709014 ], [ 7.344609841855633, 47.994079326818415 ], [ 7.344576250255184, 47.993994259999944 ], [ 7.34448257605894, 47.99395501852262 ], [ 7.344379625789603, 47.993959426776478 ], [ 7.344242479983184, 47.993999540760804 ], [ 7.344187095369716, 47.993967670540705 ], [ 7.344204311085873, 47.993880428203269 ], [ 7.344230803059225, 47.993749536060768 ], [ 7.344212807425949, 47.993560175323537 ], [ 7.344096724001019, 47.993426376901056 ], [ 7.343863271283865, 47.993272372909672 ], [ 7.343779898838236, 47.993200250408321 ], [ 7.343604535732212, 47.993050066548292 ], [ 7.343349444893568, 47.992809581731699 ], [ 7.343242727513823, 47.99263303009792 ], [ 7.343217846406039, 47.992512447319214 ], [ 7.343203947689291, 47.992366163689724 ], [ 7.34325089831645, 47.992182132323698 ], [ 7.343334233140498, 47.991971312556309 ], [ 7.3433298941087, 47.99179848783222 ], [ 7.343196923958793, 47.991614049111611 ], [ 7.343019998813006, 47.991517997190449 ], [ 7.342699369072919, 47.991392953860874 ], [ 7.342546227799637, 47.991278762349431 ], [ 7.342497892357107, 47.991038436524825 ], [ 7.342397660547525, 47.990930089911942 ], [ 7.342278107087992, 47.990900965610813 ], [ 7.342112326335688, 47.990908061463124 ], [ 7.341991920634241, 47.990869962398136 ], [ 7.34179778139987, 47.990592624231773 ], [ 7.341733850927916, 47.990456591656894 ], [ 7.341748597595505, 47.990343323532507 ], [ 7.341795879055769, 47.990289937443677 ], [ 7.342036727517082, 47.990253497160126 ], [ 7.342258211966382, 47.990140390936382 ], [ 7.342314200298786, 47.990051489154297 ], [ 7.34229102750045, 47.98994885495916 ], [ 7.3420960392775, 47.989931069326843 ], [ 7.34189720214556, 47.989999953343997 ], [ 7.34170468578624, 47.990008193044346 ], [ 7.341482959158562, 47.98999155076946 ], [ 7.341222179559842, 47.989959458543616 ], [ 7.341013299692128, 47.989795387038654 ], [ 7.340821880936619, 47.989673820594369 ], [ 7.340634553609432, 47.989595331373707 ], [ 7.340456787731732, 47.989490300985914 ], [ 7.340408217596909, 47.989388753275747 ], [ 7.340379339396143, 47.989225989571452 ], [ 7.340344384653332, 47.988985090551182 ], [ 7.34019024444682, 47.988775422949935 ], [ 7.340057574963891, 47.988608089108048 ], [ 7.340062525761452, 47.98839161435388 ], [ 7.340189493670488, 47.988230292220351 ], [ 7.340226405621849, 47.988081834219564 ], [ 7.340167432548488, 47.987729325766338 ], [ 7.340041658672571, 47.98749321358256 ], [ 7.339911096572441, 47.987333899312041 ], [ 7.339697374779622, 47.987118670545527 ], [ 7.339652045848018, 47.987051225520403 ], [ 7.33950811758998, 47.986892482718744 ], [ 7.339343816656997, 47.986787775997577 ], [ 7.339086540682791, 47.986651002701443 ], [ 7.338894652791602, 47.986538464603754 ], [ 7.338669423125454, 47.986470605041319 ], [ 7.338391972429319, 47.986404077674493 ], [ 7.338230911828004, 47.986333472542086 ], [ 7.338060823571187, 47.986167737237174 ], [ 7.337799551152871, 47.985988780802259 ], [ 7.337516398312269, 47.985862122012783 ], [ 7.337211168385068, 47.985771549395714 ], [ 7.336617315313283, 47.985623933391508 ], [ 7.336101000580069, 47.985472999387497 ], [ 7.335782407247496, 47.985382994577812 ], [ 7.335642581316818, 47.985267324696167 ], [ 7.335564539003571, 47.985123782769477 ], [ 7.335536163619876, 47.984951985799626 ], [ 7.335460590660091, 47.984834469970117 ], [ 7.335285089407189, 47.984767181716443 ], [ 7.336253628783936, 47.984365336212797 ], [ 7.336374536169239, 47.984225002264324 ], [ 7.336219574284486, 47.984006354351322 ], [ 7.335868354937176, 47.983841152016083 ], [ 7.335784490859689, 47.983664518589684 ], [ 7.336477141482754, 47.983184355459152 ], [ 7.336563989577725, 47.98268503917398 ], [ 7.336734700656459, 47.982362355636567 ], [ 7.336636789526471, 47.981330281860792 ], [ 7.335996964554981, 47.980952147639933 ], [ 7.335962914003946, 47.980593165044503 ], [ 7.336087669625476, 47.980507633116304 ], [ 7.336170348434768, 47.980487878091772 ], [ 7.33626488707289, 47.980465813681299 ], [ 7.336568237683462, 47.980409589217132 ], [ 7.336797865931113, 47.980382648523914 ], [ 7.337032968005158, 47.98028608877852 ], [ 7.337311173862772, 47.980092168648348 ], [ 7.337330226331003, 47.979953485836418 ], [ 7.337429316317798, 47.979767225954781 ], [ 7.337490775166149, 47.979608707336965 ], [ 7.337736854783832, 47.979486445656647 ], [ 7.338143372408513, 47.97928703468456 ], [ 7.338273645625173, 47.979160714609876 ], [ 7.338265470011196, 47.979074558870188 ], [ 7.338122419277062, 47.978924788240747 ], [ 7.33806645454975, 47.978745160318724 ], [ 7.337988415288629, 47.978601619504275 ], [ 7.337824909569781, 47.978504987289554 ], [ 7.337491856390448, 47.978389475136993 ], [ 7.337216152533417, 47.978340893825866 ], [ 7.337082046566215, 47.978285354831009 ], [ 7.337046859486296, 47.978183233446778 ], [ 7.337008973003549, 47.977925337480208 ], [ 7.337030876540489, 47.977604510709277 ], [ 7.337050822411318, 47.977404514828514 ], [ 7.336938113024553, 47.977305708982854 ], [ 7.336726572222833, 47.977254382552346 ], [ 7.336494488794846, 47.977255296874795 ], [ 7.336351676890039, 47.977235272305322 ], [ 7.33615982906621, 47.977122729155518 ], [ 7.336031006762428, 47.976981358833179 ], [ 7.336015429643899, 47.976817123959918 ], [ 7.336011686329583, 47.976636163273987 ], [ 7.335845151389799, 47.976521636176386 ], [ 7.335870719089134, 47.976380872655788 ], [ 7.335834898479542, 47.976201283586057 ], [ 7.335701568251038, 47.976012347510796 ], [ 7.335423284414363, 47.975865653126029 ], [ 7.33529389654661, 47.975732416178879 ], [ 7.33525624656127, 47.975604267792008 ], [ 7.335255739942466, 47.975457410428334 ], [ 7.335285759336839, 47.975377731355785 ], [ 7.335596593504128, 47.975174308992528 ], [ 7.335711028931046, 47.975022536661122 ], [ 7.335699311506911, 47.974771631096459 ], [ 7.335665862743061, 47.974418929442216 ], [ 7.335669698543252, 47.974176369734998 ], [ 7.335759018300553, 47.974042792024584 ], [ 7.336041623883276, 47.973754069444688 ], [ 7.336142689852693, 47.973602868123976 ], [ 7.3361388612127, 47.97342100967051 ], [ 7.336062452264446, 47.97329451890198 ], [ 7.335804257058837, 47.973019911605967 ], [ 7.335618613347914, 47.972958465404872 ], [ 7.335517405413189, 47.97298081512708 ], [ 7.335268623744616, 47.973215826613071 ], [ 7.335109730642349, 47.973309125983718 ], [ 7.334981426291547, 47.973314611761829 ], [ 7.334809998469718, 47.973261567467475 ], [ 7.334590307253968, 47.97312408080888 ], [ 7.334310811270164, 47.972893633962499 ], [ 7.333832660601654, 47.972464425707933 ], [ 7.333433078606334, 47.972057088245521 ], [ 7.333388558654015, 47.971913013179325 ], [ 7.333407179710333, 47.971713074434597 ], [ 7.333572885198302, 47.971550101403295 ], [ 7.333976124497925, 47.971316600468796 ], [ 7.334160182728954, 47.971092468211893 ], [ 7.334140614445899, 47.970886051830945 ], [ 7.33395501995267, 47.970556073511673 ], [ 7.33385879046985, 47.970361945236412 ], [ 7.333897809823115, 47.970221507844279 ], [ 7.334064639910629, 47.970084617548707 ], [ 7.334292869826392, 47.969901849184147 ], [ 7.334581442122745, 47.969690368448617 ], [ 7.334738483733175, 47.96945026891688 ], [ 7.334907030983599, 47.969246622267399 ], [ 7.334797125915975, 47.969163013655347 ], [ 7.33468401291898, 47.969059717888619 ], [ 7.334477217875296, 47.968930691083777 ], [ 7.334298091411568, 47.968909514227768 ], [ 7.333491921554075, 47.969096263724083 ], [ 7.333479734975623, 47.96905263074666 ], [ 7.333465495715092, 47.96902981081513 ], [ 7.333426556628853, 47.968972903790501 ], [ 7.333370159439651, 47.968915841907233 ], [ 7.333197241010589, 47.968861057322485 ], [ 7.332952946405237, 47.968732729772071 ], [ 7.332730812382788, 47.9685692128187 ], [ 7.33243905450809, 47.968478055747212 ], [ 7.332132318041366, 47.968370417209428 ], [ 7.331977286316953, 47.968221152205892 ], [ 7.331936418328364, 47.968058898547355 ], [ 7.33193373427962, 47.967903123028925 ], [ 7.331973607309792, 47.96777166075082 ], [ 7.332068417143249, 47.967526114344075 ], [ 7.332297177049747, 47.967065787944719 ], [ 7.332428891428448, 47.966813257206951 ], [ 7.334763683331591, 47.965965532213197 ], [ 7.335838878683025, 47.96513559213296 ], [ 7.336499795268066, 47.964323362265667 ], [ 7.336482097089863, 47.963287848743853 ], [ 7.334948960805797, 47.961551212300691 ], [ 7.334751682993589, 47.961451516145445 ], [ 7.334465093872012, 47.960947438349706 ], [ 7.334511901801148, 47.960776029065862 ], [ 7.334687057833832, 47.960642384235626 ], [ 7.335073269334343, 47.960513229683066 ], [ 7.335332517075863, 47.960375086284117 ], [ 7.335606505433539, 47.96016602549961 ], [ 7.335976753159897, 47.960080803587658 ], [ 7.336254632758072, 47.960139203261711 ], [ 7.336583270135625, 47.960280134912232 ], [ 7.336933228543261, 47.960433670132431 ], [ 7.337102974073258, 47.960455243223116 ], [ 7.33724061641987, 47.960364650143362 ], [ 7.337292777097801, 47.960249780016056 ], [ 7.337192596933536, 47.96008465815855 ], [ 7.337167403423889, 47.959819008340581 ], [ 7.337103342759118, 47.959582054651932 ], [ 7.336888365878198, 47.959295689080683 ], [ 7.336907147830938, 47.959055190959539 ], [ 7.336827174554446, 47.958650410809412 ], [ 7.336867360109345, 47.958423414610962 ], [ 7.336983679118704, 47.958320217206378 ], [ 7.337472723389907, 47.958172236107849 ], [ 7.337814851719037, 47.958017023196575 ], [ 7.338270595129781, 47.957744308282095 ], [ 7.338499137891941, 47.957494832129136 ], [ 7.338727704563762, 47.95725977213506 ], [ 7.339044444270947, 47.957063289633204 ], [ 7.339191446705229, 47.956845236397498 ], [ 7.339225038535749, 47.956534717666159 ], [ 7.339195749699705, 47.95622598942235 ], [ 7.339278677171347, 47.955997161970004 ], [ 7.339349474475763, 47.955711182572067 ], [ 7.33980591580733, 47.955333000253617 ], [ 7.340172666049204, 47.95495685375753 ], [ 7.340765364209707, 47.954841364491259 ], [ 7.341584017584343, 47.954986529068847 ], [ 7.342273331500238, 47.955182283848423 ], [ 7.342945609759184, 47.955198541822952 ], [ 7.344114155793243, 47.954845678024213 ], [ 7.344081246367311, 47.954506342306757 ], [ 7.34395052267377, 47.954479652194991 ], [ 7.343728816117033, 47.954263873019485 ], [ 7.343738002312386, 47.953781382989085 ], [ 7.344012767816846, 47.953800231979237 ], [ 7.343792924065404, 47.951533203485361 ], [ 7.343556166860964, 47.951385899194662 ], [ 7.343420826741601, 47.951175430254153 ], [ 7.343385883310529, 47.950934527244478 ], [ 7.343293130685312, 47.950635726312022 ], [ 7.343289647201305, 47.950471872423549 ], [ 7.343284783016889, 47.950152184557901 ], [ 7.343273604218698, 47.949893142001308 ], [ 7.343332863088373, 47.949570706588929 ], [ 7.343424547484655, 47.949307256528257 ], [ 7.34355943501637, 47.949125248091683 ], [ 7.343479720356947, 47.948303105573963 ], [ 7.343449271466068, 47.948211339845351 ], [ 7.343295784195326, 47.948290005901619 ], [ 7.343058429876885, 47.948615566672409 ], [ 7.342190113834522, 47.948652766699368 ], [ 7.341465110411349, 47.948885671919157 ], [ 7.341387741414809, 47.948904304681641 ], [ 7.341188067576456, 47.948934483457052 ], [ 7.341011385656728, 47.948980798388035 ], [ 7.340256759730901, 47.949184326413793 ], [ 7.339403010091118, 47.949431742166318 ], [ 7.338890150143959, 47.9495681396482 ], [ 7.338611221669988, 47.949639553362452 ], [ 7.338348415620355, 47.949668825077815 ], [ 7.337956740985396, 47.949682886326315 ], [ 7.337351014913719, 47.949674567946275 ], [ 7.336933225909184, 47.949653698850391 ], [ 7.336756716536538, 47.949659449661148 ], [ 7.336686636827057, 47.949740845097431 ], [ 7.336634885473661, 47.949704311707812 ], [ 7.336457763608618, 47.949647010456125 ], [ 7.336146822049804, 47.949607148976462 ], [ 7.335708494436694, 47.949539395408053 ], [ 7.335465379450121, 47.949465091541271 ], [ 7.335260810941893, 47.949372918275202 ], [ 7.335131733774692, 47.949284724315262 ], [ 7.335067290274205, 47.949199172123912 ], [ 7.335020163461565, 47.949084043620417 ], [ 7.334949861364389, 47.948894213124717 ], [ 7.334921082165064, 47.948717925323564 ], [ 7.334942566097217, 47.948491728591563 ], [ 7.33498554378902, 47.948237579063104 ], [ 7.335020981283606, 47.948017093132499 ], [ 7.335072388785359, 47.947809440669552 ], [ 7.335165587957888, 47.94767479263313 ], [ 7.335264095237219, 47.947567851878794 ], [ 7.335310103828937, 47.947473069142227 ], [ 7.335302678375888, 47.947380572284942 ], [ 7.335245070871347, 47.947239759927733 ], [ 7.335158730567321, 47.947092967807613 ], [ 7.335045573779643, 47.946889651630812 ], [ 7.334905761297325, 47.946673958934376 ], [ 7.334796468744335, 47.946483092817353 ], [ 7.334666229100461, 47.946297628190628 ], [ 7.334520981130193, 47.946123618751287 ], [ 7.334294822720332, 47.945704363046779 ], [ 7.334077887329578, 47.945354098106058 ], [ 7.333787264012698, 47.944877224274656 ], [ 7.33361118757468, 47.944590091154879 ], [ 7.333480276559857, 47.944397445218435 ], [ 7.33322179586651, 47.943962448922917 ], [ 7.332984315377455, 47.943550884130019 ], [ 7.332838812658107, 47.943317410416171 ], [ 7.332690142332307, 47.943135435378629 ], [ 7.332469937744822, 47.942863704421107 ], [ 7.332186130484517, 47.942500976953035 ], [ 7.332012292510205, 47.942293945023678 ], [ 7.331732729416641, 47.941919320694801 ], [ 7.331465348845842, 47.941588329448095 ], [ 7.33126011755034, 47.941276307482376 ], [ 7.331016103513838, 47.941036229827695 ], [ 7.330708199321408, 47.94073039830112 ], [ 7.330411602664343, 47.940444808308925 ], [ 7.330153777285203, 47.940228748325957 ], [ 7.329917395647854, 47.940055024689734 ], [ 7.329780605149494, 47.939927506515545 ], [ 7.329698624620051, 47.939826481308323 ], [ 7.3296086304469, 47.939725798533402 ], [ 7.329481785789264, 47.939604162775282 ], [ 7.329414437099518, 47.939516028753864 ], [ 7.329369200091924, 47.939420641969278 ], [ 7.329287056750597, 47.939218699007917 ], [ 7.329205678533107, 47.939024833299243 ], [ 7.329112789828094, 47.938836866095102 ], [ 7.32899872494047, 47.938666023754003 ], [ 7.32884757955553, 47.938485952503143 ], [ 7.328707946216975, 47.938299982498535 ], [ 7.328590093387312, 47.938159939462849 ], [ 7.328482902860495, 47.938005022954705 ], [ 7.328445357971444, 47.93786335050897 ], [ 7.32845498428468, 47.937724168035352 ], [ 7.328467305019662, 47.93759928820176 ], [ 7.328466547703282, 47.937492088292579 ], [ 7.328485769758448, 47.937298429065734 ], [ 7.32852232418607, 47.937188733699365 ], [ 7.328524570731981, 47.937184132145703 ], [ 7.3285362048261, 47.937151194996922 ], [ 7.327197045710377, 47.937383225303172 ], [ 7.325741297340433, 47.937644548802588 ], [ 7.324801481315944, 47.937817143590252 ], [ 7.32382098077089, 47.938084281451296 ], [ 7.323349269931212, 47.938059361964896 ], [ 7.322438699842581, 47.937647672542674 ], [ 7.320203797639077, 47.93705728965201 ], [ 7.318042286550082, 47.93626369139001 ], [ 7.318298421324623, 47.934985815658806 ], [ 7.315435278873387, 47.934585236652516 ], [ 7.314623356057873, 47.936539185879099 ], [ 7.314168600244998, 47.936693727952502 ], [ 7.313237913288213, 47.93677843328642 ], [ 7.312948011340729, 47.936733112080667 ], [ 7.312871152999975, 47.936373242422533 ], [ 7.312855452557581, 47.936178372343797 ], [ 7.312899924225359, 47.935654740557176 ], [ 7.312974896995074, 47.935155941220415 ], [ 7.313033119969583, 47.934806536937387 ], [ 7.313113671914198, 47.934551698101799 ], [ 7.313440866548642, 47.934338615604624 ], [ 7.313230705985511, 47.934299810476574 ], [ 7.312833964207207, 47.934187853934525 ], [ 7.312282245483857, 47.934039244319635 ], [ 7.311954484982282, 47.933947775414367 ], [ 7.3118029211811, 47.9339046699397 ], [ 7.311697865964627, 47.933871297874333 ], [ 7.311474757792557, 47.933823129023033 ], [ 7.310700098321469, 47.933684907422183 ], [ 7.310543212558199, 47.933656444598647 ], [ 7.310484515649939, 47.933645427315916 ], [ 7.309466469913964, 47.933457186787685 ], [ 7.309230820249531, 47.933389723504362 ], [ 7.309060073391355, 47.933356442195112 ], [ 7.308890444327341, 47.933349244944644 ], [ 7.308691349267421, 47.933342400516679 ], [ 7.308527400715541, 47.933338565359641 ], [ 7.308441063766693, 47.933318811396212 ], [ 7.30838603590851, 47.933304032539255 ], [ 7.308385394812467, 47.93332568619789 ], [ 7.308384771491902, 47.933361756681528 ], [ 7.308477416264695, 47.93423097831473 ], [ 7.308591060062708, 47.935607525191664 ], [ 7.308623707338346, 47.936153102104583 ], [ 7.308633907013694, 47.93623286570088 ], [ 7.307823588634894, 47.93624302051289 ], [ 7.306333294654856, 47.936081153672752 ], [ 7.305553072973916, 47.936339615947205 ], [ 7.303545444719109, 47.936379935549979 ], [ 7.303232668461556, 47.936618506640251 ], [ 7.30308724960762, 47.937210399479596 ], [ 7.302962136648611, 47.937305827488082 ], [ 7.302027196968597, 47.937345568536387 ], [ 7.301167483923093, 47.937472214482938 ], [ 7.299341807903632, 47.937836328968451 ], [ 7.299446801529747, 47.938125624296774 ], [ 7.299722646663481, 47.938691504965064 ], [ 7.300046173810949, 47.939108481675774 ], [ 7.30052456116968, 47.939517976958875 ], [ 7.300471061415462, 47.939761742196346 ], [ 7.300219566830556, 47.939725570536694 ], [ 7.299661155734185, 47.939819578283277 ], [ 7.299174855030794, 47.939896102917736 ], [ 7.298927543391582, 47.939947156443424 ], [ 7.298617076587001, 47.940039638518712 ], [ 7.298338819386995, 47.940118136591266 ], [ 7.298063902755744, 47.940118097431913 ], [ 7.297721636460304, 47.939330663246452 ], [ 7.297521283836018, 47.939339170829449 ], [ 7.296232009352115, 47.939889506973955 ], [ 7.294996839008638, 47.940302368585535 ], [ 7.295051676662262, 47.940885747035324 ], [ 7.29319852428945, 47.941144596329842 ], [ 7.292217802192945, 47.941411468786526 ], [ 7.292068425747511, 47.941934125106222 ], [ 7.291929604724436, 47.941955331281427 ], [ 7.291817654104432, 47.941962782528826 ], [ 7.291667219426193, 47.941974569022072 ], [ 7.291549841389066, 47.941981349102498 ], [ 7.291382365829577, 47.941983044915865 ], [ 7.291274915064766, 47.941981293987297 ], [ 7.291069661909647, 47.9419377350806 ], [ 7.290985398854487, 47.941911572483789 ], [ 7.290868727555581, 47.941868762397206 ], [ 7.290639237134316, 47.941795593707965 ], [ 7.290474751977914, 47.941686328372803 ], [ 7.289663368213249, 47.941343174895685 ], [ 7.288676398988302, 47.940972316320959 ], [ 7.287949670923618, 47.940702155462901 ], [ 7.28770277662812, 47.940572049761663 ], [ 7.287556135325657, 47.94052419904925 ], [ 7.287462429891306, 47.940483115825842 ], [ 7.287289760483113, 47.940457993659031 ], [ 7.28719899151097, 47.940433906332252 ], [ 7.287019367195879, 47.940377540673524 ], [ 7.286465468429353, 47.940105454549354 ], [ 7.28628745986353, 47.939980537325269 ], [ 7.286288893530024, 47.939895775091138 ], [ 7.286307041173242, 47.939831930673236 ], [ 7.28632441906828, 47.939745591862774 ], [ 7.286319029223236, 47.939688151095368 ], [ 7.286252692626933, 47.939524261697876 ], [ 7.286161679789191, 47.939197421114962 ], [ 7.286031741445234, 47.938841592775049 ], [ 7.285991760237673, 47.938644147829038 ], [ 7.285992724084922, 47.938597250828508 ], [ 7.285971718574073, 47.938430539784655 ], [ 7.28594163943386, 47.938295750930699 ], [ 7.285915651655139, 47.93816168982179 ], [ 7.285934208540176, 47.938087916176457 ], [ 7.285965785175838, 47.938009986632245 ], [ 7.285986220400057, 47.937884771805308 ], [ 7.286002395933643, 47.937757034181082 ], [ 7.286009378560414, 47.937617070869599 ], [ 7.286009886325993, 47.93752243588807 ], [ 7.285987664739535, 47.937399929244449 ], [ 7.285985985730535, 47.937181938825873 ], [ 7.285972030795956, 47.937061785190977 ], [ 7.285971670652962, 47.93702936153641 ], [ 7.285918968029139, 47.936996452115082 ], [ 7.285869189357285, 47.936966122044126 ], [ 7.285519148580723, 47.936851195079029 ], [ 7.284647073137547, 47.936688995289103 ], [ 7.2836039694919, 47.936547547723855 ], [ 7.282615284771897, 47.936385765603916 ], [ 7.282336285897868, 47.936370544796546 ], [ 7.282146195721087, 47.936359669327132 ], [ 7.2820243907923, 47.936347705102527 ], [ 7.2819288671845, 47.936315705601693 ], [ 7.281875095114653, 47.936299960240788 ], [ 7.281711255123904, 47.936225798500566 ], [ 7.2812433895109, 47.936041057181029 ], [ 7.280582171571847, 47.935710412607932 ], [ 7.279743455032288, 47.935331408411827 ], [ 7.278804205883525, 47.934895378508962 ], [ 7.278374328026651, 47.934686492509762 ], [ 7.277421493840436, 47.93411946988774 ], [ 7.277191430307338, 47.933982324576732 ], [ 7.277071210474754, 47.933958574434499 ], [ 7.276868848618213, 47.933931089329903 ], [ 7.276124179521685, 47.933954468852136 ], [ 7.275797180377446, 47.933641204633162 ], [ 7.275664795938273, 47.933516145939727 ], [ 7.275526954695589, 47.933476018873939 ], [ 7.275406887255954, 47.933425228403294 ], [ 7.27528097370617, 47.933369278519883 ], [ 7.275229616952121, 47.933336307757081 ], [ 7.275133992790281, 47.933260154644962 ], [ 7.274907264860671, 47.933101238381475 ], [ 7.274804291764266, 47.933018187093552 ], [ 7.274743989669189, 47.93296126526252 ], [ 7.274678690126039, 47.932922576147135 ], [ 7.274574491841086, 47.932883729126644 ], [ 7.274262762672617, 47.932676142429429 ], [ 7.274261691598626, 47.932675105168855 ], [ 7.254487690394796, 47.933509228199831 ], [ 7.253353244217935, 47.935170056567422 ], [ 7.253188233758239, 47.935298644010714 ], [ 7.253324771113298, 47.935569522603515 ], [ 7.253435748680594, 47.935753173099016 ], [ 7.25357536396434, 47.935956342544884 ], [ 7.253649853869098, 47.936093772467999 ], [ 7.253754501489579, 47.936338961065815 ], [ 7.253794022925713, 47.936518410298831 ], [ 7.253827948109963, 47.936680974955529 ], [ 7.253858036712804, 47.93685992011828 ], [ 7.253902301426669, 47.936960777626616 ], [ 7.253954744754171, 47.937048676072003 ], [ 7.254024546155779, 47.937107010035 ], [ 7.254135084338528, 47.937156420829346 ], [ 7.254375607770274, 47.937233699197272 ], [ 7.254646102561549, 47.937316022838395 ], [ 7.254944071306918, 47.93743413267395 ], [ 7.255201632855528, 47.937535921796652 ], [ 7.255529159919272, 47.937669004869221 ], [ 7.255906119521097, 47.937843256500997 ], [ 7.256319563894396, 47.938020475947241 ], [ 7.256742950595873, 47.938217999693784 ], [ 7.257278718527524, 47.938455841831221 ], [ 7.259582059773923, 47.939457201316785 ], [ 7.260433761578885, 47.93996194723065 ], [ 7.26256335081549, 47.941944622678477 ], [ 7.265331965492482, 47.94430578851707 ], [ 7.266071184878062, 47.945040508029884 ], [ 7.269571035749563, 47.948046531132981 ], [ 7.270005396893009, 47.948388619338374 ], [ 7.271981088900301, 47.950152374898657 ], [ 7.272962673439405, 47.950651553531699 ], [ 7.2730453020111, 47.950731862151535 ], [ 7.273193939799047, 47.950886873849313 ], [ 7.273355502017703, 47.951007999978195 ], [ 7.273547112759532, 47.951106230893927 ], [ 7.273711995698729, 47.951191173676868 ], [ 7.273824262231336, 47.951258515808824 ], [ 7.274012858227445, 47.951338852084305 ], [ 7.274100068866017, 47.951396439810836 ], [ 7.27413917469101, 47.951441642942136 ], [ 7.274177726150776, 47.951538230219256 ], [ 7.274270071621483, 47.951664982923944 ], [ 7.274388818887601, 47.951815849838241 ], [ 7.274477224253324, 47.951914835853572 ], [ 7.274142461404108, 47.95206414024576 ], [ 7.2741605526708, 47.952157086651603 ], [ 7.274183114477797, 47.952326434704403 ], [ 7.27420284473295, 47.952508517291221 ], [ 7.274235910220146, 47.952646785312048 ], [ 7.274326720518718, 47.952857401893439 ], [ 7.274440765743071, 47.953101277141563 ], [ 7.274590674875766, 47.953269749582724 ], [ 7.274419434514519, 47.953604071541896 ], [ 7.274501675326928, 47.953723141462483 ], [ 7.274918328236361, 47.954204725918672 ], [ 7.275191820289888, 47.95448961927994 ], [ 7.27521919156796, 47.954595689332976 ], [ 7.275277235360032, 47.954742813248593 ], [ 7.275502436176232, 47.955528936529049 ], [ 7.274967988927395, 47.955551520972179 ], [ 7.275293624879529, 47.956292852494691 ], [ 7.2756281895865, 47.956871614366378 ], [ 7.275020698036623, 47.957102727756052 ], [ 7.276124259216203, 47.959303345098633 ], [ 7.275393545050001, 47.959379277448569 ], [ 7.275335140382705, 47.959471851625032 ], [ 7.275489778040757, 47.959690582929824 ], [ 7.276275146602807, 47.960198031275951 ], [ 7.276496602292365, 47.960413937504995 ], [ 7.276091974669523, 47.961106834991256 ], [ 7.276167195351309, 47.961193762349716 ], [ 7.277236666558371, 47.961869410946186 ], [ 7.277905277373693, 47.96256199762842 ], [ 7.278002005395012, 47.963594130596995 ], [ 7.278489908718381, 47.964419601448427 ], [ 7.278480592819885, 47.964477663302979 ], [ 7.278528807046666, 47.964634211874277 ], [ 7.278579021259276, 47.964783467369308 ], [ 7.278616189422775, 47.964908044671141 ], [ 7.2786604050467, 47.965079179237968 ], [ 7.278683255597414, 47.965151199177839 ], [ 7.278755208423886, 47.965331973743623 ], [ 7.278818790876467, 47.965609515818436 ], [ 7.278888745096883, 47.965797583301516 ], [ 7.278976681179907, 47.966020031873605 ], [ 7.279004328206925, 47.966143209484819 ], [ 7.279037275857005, 47.96632292987217 ], [ 7.279047485526561, 47.966474777655357 ], [ 7.279019072777589, 47.966701244427519 ], [ 7.278969163952707, 47.966884467997595 ], [ 7.278898205349472, 47.966943333940669 ], [ 7.278797415324389, 47.966984538779485 ], [ 7.278716082304754, 47.967018613493039 ], [ 7.278610573892347, 47.967123992990075 ], [ 7.278517335505799, 47.967217139845282 ], [ 7.278397575176776, 47.96737087785106 ], [ 7.278351644064081, 47.967510681896009 ], [ 7.278340618331545, 47.967636395457724 ], [ 7.278372704212982, 47.967778307712038 ], [ 7.278394050860424, 47.967848589092583 ], [ 7.278446209926162, 47.967904051969057 ], [ 7.278412258352737, 47.967971264696445 ], [ 7.27834198025609, 47.968051726866641 ], [ 7.278234394585309, 47.968177918051957 ], [ 7.278088481816064, 47.96832465152616 ], [ 7.277943204440096, 47.968549750142593 ], [ 7.277882457679282, 47.96864602813875 ], [ 7.277746561309624, 47.96878512918807 ], [ 7.277289971771167, 47.96876658301646 ], [ 7.277326381609575, 47.969269637440171 ], [ 7.277469990611998, 47.969685263576679 ], [ 7.277519047849522, 47.969979638617986 ], [ 7.27753442248938, 47.970372751584939 ], [ 7.277813274309572, 47.97065651291765 ], [ 7.278084230789604, 47.970870324795506 ], [ 7.279243258660138, 47.971110567816332 ], [ 7.279185338415113, 47.971923970207115 ], [ 7.279553131524652, 47.972268843890824 ], [ 7.279586793020405, 47.972627844402844 ], [ 7.27949743740543, 47.973277681754716 ], [ 7.279387961820206, 47.973827450796733 ], [ 7.27933495737117, 47.974378436281313 ], [ 7.279371796242216, 47.974985994139594 ], [ 7.279414666396021, 47.975128350988207 ], [ 7.27944849227172, 47.975360294921614 ], [ 7.279495026265529, 47.975484475679615 ], [ 7.279565421595925, 47.975562594715562 ], [ 7.279652980509657, 47.975694952588796 ], [ 7.279763039947417, 47.975866906696261 ], [ 7.279902852678535, 47.976055623884925 ], [ 7.279972383716864, 47.976210369171298 ], [ 7.27999608254843, 47.976291363417758 ], [ 7.28000969757995, 47.976407925270045 ], [ 7.280017827883143, 47.976566167672665 ], [ 7.280040260629809, 47.976748133893906 ], [ 7.280050771675795, 47.976845904752871 ], [ 7.280074555082408, 47.976927796454689 ], [ 7.280247902699119, 47.97715924720778 ], [ 7.281749464850598, 47.977086736702383 ], [ 7.282291684619245, 47.977116063293771 ], [ 7.282456419518351, 47.977098282124778 ], [ 7.282846375319667, 47.977063764461612 ], [ 7.283111611594089, 47.977044433764377 ], [ 7.2833099417197, 47.977041449116733 ], [ 7.283373269800854, 47.977044176102773 ], [ 7.283667681535386, 47.977049740467827 ], [ 7.28401454862882, 47.977042271725324 ], [ 7.284412786879947, 47.977024518460965 ], [ 7.284536915756719, 47.977003046340201 ], [ 7.284571910148419, 47.976989851593032 ], [ 7.284617260741768, 47.976972614313105 ], [ 7.284700868670885, 47.976948351561212 ], [ 7.284818830858616, 47.976946963451319 ], [ 7.285231215854991, 47.976965552150688 ], [ 7.285544087654154, 47.976967627265587 ], [ 7.285706243556853, 47.976965268668067 ], [ 7.285730521235337, 47.976923693223263 ], [ 7.285803182594104, 47.976897189841281 ], [ 7.285948203000421, 47.97688384245032 ], [ 7.286193797179089, 47.97685542448459 ], [ 7.286500214345774, 47.976831639463114 ], [ 7.286891851235351, 47.97681505820227 ], [ 7.287296264268255, 47.976791627194338 ], [ 7.287616649189981, 47.97678797221873 ], [ 7.287783067276592, 47.976788133418616 ], [ 7.287848574941913, 47.97679977631293 ], [ 7.287916948926188, 47.97684193393831 ], [ 7.287962190750979, 47.976894982853416 ], [ 7.287991464994022, 47.976935192022069 ], [ 7.288046123341568, 47.976959909162275 ], [ 7.288131500110454, 47.976954491313386 ], [ 7.288699562182313, 47.976916015158189 ], [ 7.289141485536379, 47.976891890065282 ], [ 7.289620400157776, 47.976847273862084 ], [ 7.289781965167422, 47.976838627174907 ], [ 7.289865342965284, 47.976840501248731 ], [ 7.293487299306874, 47.977040217074119 ], [ 7.294159840844675, 47.977056755157264 ], [ 7.29562592424035, 47.976949527336018 ], [ 7.300533433549157, 47.976335789761059 ], [ 7.300563014478687, 47.976649909238816 ], [ 7.300400552250427, 47.977062289393999 ], [ 7.300518094449293, 47.977597942300171 ], [ 7.301571456761889, 47.978309215641609 ], [ 7.301685006565235, 47.978545881152733 ], [ 7.301907628389641, 47.978971645206549 ], [ 7.302049601590309, 47.97929630951127 ], [ 7.302120739788539, 47.97948161251103 ], [ 7.302177496888722, 47.979656713352064 ], [ 7.302235196544281, 47.979927287786616 ], [ 7.302274202866961, 47.98014188853022 ], [ 7.302277822866936, 47.98046521964153 ], [ 7.302265688069846, 47.980820757295241 ], [ 7.302240117122158, 47.980891225776062 ], [ 7.302214441425737, 47.981017565135019 ], [ 7.302210290300802, 47.981115958227782 ], [ 7.302239211450744, 47.981351711816359 ], [ 7.302302510035889, 47.981695936141641 ], [ 7.302335285356009, 47.982015325610192 ], [ 7.30234791654459, 47.982177883070698 ], [ 7.302407057318073, 47.982463714214553 ], [ 7.302490482048927, 47.982722382942505 ], [ 7.302537411414821, 47.982921328719847 ], [ 7.302549438883856, 47.982992002525016 ], [ 7.302544696297959, 47.983084113167898 ], [ 7.302529558052737, 47.983293804497734 ], [ 7.302517213835396, 47.983461927889302 ], [ 7.302527945982605, 47.983718277229244 ], [ 7.302537341425285, 47.983974683304837 ], [ 7.302548519932395, 47.984107566989692 ], [ 7.302572595216922, 47.984192146234811 ], [ 7.302676755727991, 47.984385958135135 ], [ 7.302784742076935, 47.984563388206617 ], [ 7.302800644125401, 47.984660929508706 ], [ 7.302812789453695, 47.984761333564741 ], [ 7.303523063340233, 47.984878040579076 ], [ 7.303721504343765, 47.984947103518188 ], [ 7.303869350266468, 47.984977767183238 ], [ 7.304010411006509, 47.984993400696965 ], [ 7.304205520656978, 47.984998628324036 ], [ 7.30467226116272, 47.984995018713825 ], [ 7.30507666126464, 47.984985045335421 ], [ 7.305229906158131, 47.984987544693531 ], [ 7.305811546419076, 47.984992564405268 ], [ 7.305964791369216, 47.984995062801453 ], [ 7.306180122935188, 47.985001229921856 ], [ 7.306376434889882, 47.985033435025791 ], [ 7.306654261163778, 47.985104525684008 ], [ 7.306938197279965, 47.985183465670168 ], [ 7.307259647524525, 47.985190526653788 ], [ 7.307258044833572, 47.985315843957935 ], [ 7.307200703272525, 47.985504803531974 ], [ 7.30703307010361, 47.98590479675439 ], [ 7.306939449961062, 47.986221448254739 ], [ 7.306848417792946, 47.986537088509053 ], [ 7.306695653623631, 47.986938250941421 ], [ 7.306596680182436, 47.987183944678044 ], [ 7.306585902334948, 47.987254686339412 ], [ 7.306598461343328, 47.987345160823288 ], [ 7.30667177499824, 47.987510545359832 ], [ 7.306833042338682, 47.987854208155326 ], [ 7.306905851881861, 47.988085392213762 ], [ 7.306942595470589, 47.988204574110917 ], [ 7.307017464952737, 47.988272576596749 ], [ 7.30705391761584, 47.988289048669458 ], [ 7.307133388027687, 47.988291978376253 ], [ 7.307215684098521, 47.988282172921245 ], [ 7.307557221331685, 47.988231612549434 ], [ 7.307957818237695, 47.988166826523347 ], [ 7.308308052798588, 47.988123102741127 ], [ 7.308410673807018, 47.988129552701892 ], [ 7.308474796343036, 47.988154759753556 ], [ 7.308510861681565, 47.988195576820004 ], [ 7.308560216045864, 47.988306112546141 ], [ 7.308615030032333, 47.988574103838296 ], [ 7.3087137054434, 47.989036664032689 ], [ 7.308821215193742, 47.989479024896816 ], [ 7.308884281543667, 47.989862903443814 ], [ 7.308987257465695, 47.990285633272784 ], [ 7.309082618642243, 47.9906987749644 ], [ 7.309088831367969, 47.990721938675435 ], [ 7.310075468255699, 47.990707917025539 ], [ 7.310227021161008, 47.991602544285257 ], [ 7.310640826090493, 47.991720106167421 ], [ 7.311021670791046, 47.992199497674704 ], [ 7.31129940404328, 47.993719507257687 ], [ 7.311567746536408, 47.994428950546862 ], [ 7.311539023024504, 47.994835654649314 ], [ 7.310955208913023, 47.995761557591422 ], [ 7.311710365965114, 47.9980722217812 ], [ 7.31302876488716, 48.002791806937097 ], [ 7.313142253943862, 48.003282566601378 ], [ 7.318320066532755, 48.003316272779813 ], [ 7.31835412260158, 48.003577034477388 ], [ 7.318289619249242, 48.005180986263646 ], [ 7.319827546015732, 48.005115482271115 ], [ 7.320249968173025, 48.005322754961909 ], [ 7.320564344524887, 48.005665285165414 ], [ 7.320990913203227, 48.005731811357876 ], [ 7.321567348042005, 48.005622547992282 ], [ 7.322358160475655, 48.00670167731559 ], [ 7.322542144607385, 48.006693835877613 ], [ 7.323274592633151, 48.006466176753001 ], [ 7.323256728456006, 48.006663377417176 ], [ 7.325550395325001, 48.006565582340649 ], [ 7.328844013026267, 48.006037604393597 ], [ 7.329191105577111, 48.006157953360074 ], [ 7.329526974703857, 48.006395925606881 ], [ 7.331119675372283, 48.00632793646799 ], [ 7.332166077463521, 48.005670515649754 ], [ 7.334543461136521, 48.005253587612842 ], [ 7.335145251939664, 48.005227874506787 ], [ 7.335384168804803, 48.005623153015648 ], [ 7.335647375108129, 48.005566851199241 ], [ 7.33700119131294, 48.005103500689692 ], [ 7.340284032805586, 48.004197200469839 ], [ 7.340703235409709, 48.00434146415175 ], [ 7.34161704889885, 48.004095118402915 ], [ 7.342629227902196, 48.004643822137197 ] ] ] ] } },
{ "type": "Feature", "properties": { "SOURCE": "BDCarto", "NOM": "Soultzmatt", "CODE_INSEE": "68318", "STATUT": "Commune simple", "CANTON": "ROUFFACH", "ARROND": "GUEBWILLER", "DEPART": "HAUT-RHIN", "REGION": "ALSACE", "POPULATION": 2138, "MULTI_CANT": "Non", "dissolve": 1 }, "geometry": { "type": "MultiPolygon", "coordinates": [ [ [ [ 7.228325124164543, 47.978409622674036 ], [ 7.228561102135982, 47.9782483786109 ], [ 7.228767257884878, 47.97806946035476 ], [ 7.228993823720538, 47.977792377442398 ], [ 7.229296947962957, 47.977385947431117 ], [ 7.229347175373524, 47.97731987313707 ], [ 7.230048419741881, 47.977414867635581 ], [ 7.230294932785243, 47.977179294890973 ], [ 7.230345103646243, 47.976996990656744 ], [ 7.230616611841748, 47.977030677485352 ], [ 7.230833784707015, 47.977201791451677 ], [ 7.231535479011004, 47.977532826146756 ], [ 7.231802823246065, 47.977521633554545 ], [ 7.232249836124677, 47.977277661860597 ], [ 7.232721854168584, 47.977302948189624 ], [ 7.23314371132984, 47.97751053803767 ], [ 7.23387056799804, 47.977389993680632 ], [ 7.234672479432621, 47.978077222634667 ], [ 7.235424256930526, 47.978946752101095 ], [ 7.236422556109527, 47.979580690989039 ], [ 7.236770371360808, 47.97952556916043 ], [ 7.237226296920448, 47.979464113155053 ], [ 7.237533593563594, 47.979377349241247 ], [ 7.237825865866293, 47.979143445974081 ], [ 7.237890467939275, 47.97894341326667 ], [ 7.237879225018949, 47.978591583244381 ], [ 7.237779929282118, 47.978201996941714 ], [ 7.23849550903092, 47.976199649959263 ], [ 7.23854981986599, 47.976105468073428 ], [ 7.238626771791022, 47.975995019404586 ], [ 7.238718256137401, 47.975925408659315 ], [ 7.23880748058199, 47.975903647089702 ], [ 7.238976151698462, 47.975899277944592 ], [ 7.239227027552835, 47.975898669805048 ], [ 7.239473558443174, 47.975909055676418 ], [ 7.239656512555225, 47.975942830850627 ], [ 7.239826017623155, 47.975961852267737 ], [ 7.239959017010435, 47.975949066352371 ], [ 7.240039803517652, 47.97592315254969 ], [ 7.240103381923204, 47.975870929507998 ], [ 7.242400441259174, 47.976041274369116 ], [ 7.242563344001828, 47.976349799836285 ], [ 7.24303118175409, 47.976330168311435 ], [ 7.243344464909138, 47.975789016687777 ], [ 7.244062912686539, 47.975160577585548 ], [ 7.244576680954871, 47.974913753265128 ], [ 7.245215750546518, 47.97457156246535 ], [ 7.246155571644678, 47.974577152517043 ], [ 7.247195667086317, 47.974938937395216 ], [ 7.247592478003702, 47.974877218455823 ], [ 7.247975374824533, 47.974306096473704 ], [ 7.248501545538138, 47.973875822321034 ], [ 7.249189513333001, 47.973381981498463 ], [ 7.249682011624808, 47.973051329026731 ], [ 7.250164911816332, 47.972833707314166 ], [ 7.250653078749047, 47.972672627464632 ], [ 7.251187945597952, 47.972551931137069 ], [ 7.252014098683651, 47.972418084593592 ], [ 7.252694648153656, 47.972305672503914 ], [ 7.253169790629438, 47.972249649964105 ], [ 7.253661115543518, 47.972079413688938 ], [ 7.254340337714046, 47.971650781932951 ], [ 7.254777921468406, 47.971393597986037 ], [ 7.255034836898067, 47.971227810244756 ], [ 7.255339714896124, 47.971130285203479 ], [ 7.253211913066907, 47.968370697265549 ], [ 7.253113500579831, 47.968293742458599 ], [ 7.253054345298589, 47.96820612612585 ], [ 7.252971447484397, 47.968007779042274 ], [ 7.252871594871865, 47.967814650163206 ], [ 7.25281486235622, 47.967724228708178 ], [ 7.252737068678221, 47.967566213729278 ], [ 7.252677402415737, 47.967415545752452 ], [ 7.252617495656859, 47.96731985145076 ], [ 7.252501783356291, 47.967172441378686 ], [ 7.252415062317589, 47.967062556884521 ], [ 7.252347216561759, 47.966939264001958 ], [ 7.252291807511207, 47.966762286599035 ], [ 7.252276331526013, 47.96662507788551 ], [ 7.252267446658536, 47.966443440909615 ], [ 7.252259231288429, 47.966268984106023 ], [ 7.252224036740062, 47.966092958677557 ], [ 7.252192108301586, 47.965966353241022 ], [ 7.252161762588146, 47.965813550996344 ], [ 7.252119650168649, 47.965721613412192 ], [ 7.25204061839512, 47.965622217861835 ], [ 7.251956578405005, 47.965541053715761 ], [ 7.2517301197304, 47.963845802536383 ], [ 7.251316554589424, 47.96300720064081 ], [ 7.250602282212235, 47.961820822402252 ], [ 7.249946401193059, 47.959821046326766 ], [ 7.249612164235984, 47.958393425451874 ], [ 7.249440913842079, 47.957995153864502 ], [ 7.250033844193177, 47.957880124461063 ], [ 7.250096472927692, 47.957832439309811 ], [ 7.249503457981548, 47.957226636724698 ], [ 7.249169330127286, 47.956519845474659 ], [ 7.249048175417601, 47.955939258550835 ], [ 7.250417685103263, 47.955521267905311 ], [ 7.250325789004733, 47.955254817656723 ], [ 7.248271286076296, 47.953358879004632 ], [ 7.246634502504764, 47.95234640415309 ], [ 7.24642991438429, 47.952309947441393 ], [ 7.246471650028949, 47.952037880408966 ], [ 7.246713793196232, 47.951757393164485 ], [ 7.247202196456637, 47.950520458908521 ], [ 7.247106094431675, 47.949488293410823 ], [ 7.2465591177418, 47.948655282257107 ], [ 7.245665638987063, 47.947701669012446 ], [ 7.243791114518616, 47.946293677600906 ], [ 7.242000178464222, 47.945062359300209 ], [ 7.24101081024645, 47.944518210569662 ], [ 7.23984822539759, 47.945154482535088 ], [ 7.23978393281465, 47.945198628405969 ], [ 7.239491446084739, 47.945341552636634 ], [ 7.2392457999589, 47.945454578435232 ], [ 7.239041565816356, 47.945565866227419 ], [ 7.238661400568875, 47.945775539700712 ], [ 7.238386524720931, 47.945920425184937 ], [ 7.238127428157459, 47.946061944930918 ], [ 7.237844535300894, 47.946192748612376 ], [ 7.236232315576135, 47.946970380976381 ], [ 7.234935097857644, 47.947125682386364 ], [ 7.23473345068266, 47.947149452659389 ], [ 7.233264958369645, 47.947381294248743 ], [ 7.23038143851132, 47.948262564028305 ], [ 7.230236142483935, 47.948301086019136 ], [ 7.23021526641632, 47.948307366465286 ], [ 7.228636191803943, 47.948460883278841 ], [ 7.225709490117426, 47.948718523254669 ], [ 7.223833452243204, 47.949141191842507 ], [ 7.221761199090796, 47.950081112900349 ], [ 7.221252517400838, 47.950468193740761 ], [ 7.220567755157393, 47.95077883538297 ], [ 7.219936044062043, 47.95119898312948 ], [ 7.2189699771145, 47.951252863198874 ], [ 7.218368745576274, 47.951277980081969 ], [ 7.216506913822457, 47.950725022624582 ], [ 7.215968338215886, 47.950702459797185 ], [ 7.215508838994278, 47.95099825865929 ], [ 7.21515366918374, 47.951092817877473 ], [ 7.21776636497717, 47.979322607180187 ], [ 7.222849495757761, 47.981545248729006 ], [ 7.223293165622405, 47.981061784690851 ], [ 7.223598712071999, 47.980825563412964 ], [ 7.22405049330063, 47.980516553806666 ], [ 7.224407341218479, 47.98025475933521 ], [ 7.224793917843988, 47.980024157380335 ], [ 7.225130266013915, 47.979830793589656 ], [ 7.225394239521492, 47.97969631779236 ], [ 7.225583171070955, 47.979606425801443 ], [ 7.225780867120783, 47.979538692431547 ], [ 7.225945050538924, 47.979500291586945 ], [ 7.226168884429512, 47.979468406283331 ], [ 7.226422964310959, 47.979429849570536 ], [ 7.226625659024762, 47.979401550446049 ], [ 7.226833205493209, 47.979353225647344 ], [ 7.2270014900356, 47.97928672017224 ], [ 7.227168691600472, 47.979208546491442 ], [ 7.227293032869222, 47.979131264254995 ], [ 7.227430500232414, 47.979021897170973 ], [ 7.227603818273733, 47.978879494609274 ], [ 7.227826691278538, 47.978692670871084 ], [ 7.227925465496258, 47.978614655329999 ], [ 7.228029665551088, 47.978551730036799 ], [ 7.228161437357175, 47.978482245060803 ], [ 7.228325124164543, 47.978409622674036 ] ] ] ] } },
{ "type": "Feature", "properties": { "SOURCE": "BDCarto", "NOM": "Westhalten", "CODE_INSEE": "68364", "STATUT": "Commune simple", "CANTON": "ROUFFACH", "ARROND": "GUEBWILLER", "DEPART": "HAUT-RHIN", "REGION": "ALSACE", "POPULATION": 816, "MULTI_CANT": "Non", "dissolve": 1 }, "geometry": { "type": "MultiPolygon", "coordinates": [ [ [ [ 7.280247902699119, 47.97715924720778 ], [ 7.280074555082408, 47.976927796454689 ], [ 7.280050771675795, 47.976845904752871 ], [ 7.280040260629809, 47.976748133893906 ], [ 7.280017827883143, 47.976566167672665 ], [ 7.28000969757995, 47.976407925270045 ], [ 7.27999608254843, 47.976291363417758 ], [ 7.279972383716864, 47.976210369171298 ], [ 7.279902852678535, 47.976055623884925 ], [ 7.279763039947417, 47.975866906696261 ], [ 7.279652980509657, 47.975694952588796 ], [ 7.279565421595925, 47.975562594715562 ], [ 7.279495026265529, 47.975484475679615 ], [ 7.27944849227172, 47.975360294921614 ], [ 7.279414666396021, 47.975128350988207 ], [ 7.279371796242216, 47.974985994139594 ], [ 7.27933495737117, 47.974378436281313 ], [ 7.279387961820206, 47.973827450796733 ], [ 7.27949743740543, 47.973277681754716 ], [ 7.279586793020405, 47.972627844402844 ], [ 7.279553131524652, 47.972268843890824 ], [ 7.279185338415113, 47.971923970207115 ], [ 7.279243258660138, 47.971110567816332 ], [ 7.278084230789604, 47.970870324795506 ], [ 7.277813274309572, 47.97065651291765 ], [ 7.27753442248938, 47.970372751584939 ], [ 7.277519047849522, 47.969979638617986 ], [ 7.277469990611998, 47.969685263576679 ], [ 7.277326381609575, 47.969269637440171 ], [ 7.277289971771167, 47.96876658301646 ], [ 7.277746561309624, 47.96878512918807 ], [ 7.277882457679282, 47.96864602813875 ], [ 7.277943204440096, 47.968549750142593 ], [ 7.278088481816064, 47.96832465152616 ], [ 7.278234394585309, 47.968177918051957 ], [ 7.27834198025609, 47.968051726866641 ], [ 7.278412258352737, 47.967971264696445 ], [ 7.278446209926162, 47.967904051969057 ], [ 7.278394050860424, 47.967848589092583 ], [ 7.278372704212982, 47.967778307712038 ], [ 7.278340618331545, 47.967636395457724 ], [ 7.278351644064081, 47.967510681896009 ], [ 7.278397575176776, 47.96737087785106 ], [ 7.278517335505799, 47.967217139845282 ], [ 7.278610573892347, 47.967123992990075 ], [ 7.278716082304754, 47.967018613493039 ], [ 7.278797415324389, 47.966984538779485 ], [ 7.278898205349472, 47.966943333940669 ], [ 7.278969163952707, 47.966884467997595 ], [ 7.279019072777589, 47.966701244427519 ], [ 7.279047485526561, 47.966474777655357 ], [ 7.279037275857005, 47.96632292987217 ], [ 7.279004328206925, 47.966143209484819 ], [ 7.278976681179907, 47.966020031873605 ], [ 7.278888745096883, 47.965797583301516 ], [ 7.278818790876467, 47.965609515818436 ], [ 7.278755208423886, 47.965331973743623 ], [ 7.278683255597414, 47.965151199177839 ], [ 7.2786604050467, 47.965079179237968 ], [ 7.278616189422775, 47.964908044671141 ], [ 7.278579021259276, 47.964783467369308 ], [ 7.278528807046666, 47.964634211874277 ], [ 7.278480592819885, 47.964477663302979 ], [ 7.278489908718381, 47.964419601448427 ], [ 7.278002005395012, 47.963594130596995 ], [ 7.277905277373693, 47.96256199762842 ], [ 7.277236666558371, 47.961869410946186 ], [ 7.276167195351309, 47.961193762349716 ], [ 7.276091974669523, 47.961106834991256 ], [ 7.276496602292365, 47.960413937504995 ], [ 7.276275146602807, 47.960198031275951 ], [ 7.275489778040757, 47.959690582929824 ], [ 7.275335140382705, 47.959471851625032 ], [ 7.275393545050001, 47.959379277448569 ], [ 7.276124259216203, 47.959303345098633 ], [ 7.275020698036623, 47.957102727756052 ], [ 7.2756281895865, 47.956871614366378 ], [ 7.275293624879529, 47.956292852494691 ], [ 7.274967988927395, 47.955551520972179 ], [ 7.275502436176232, 47.955528936529049 ], [ 7.275277235360032, 47.954742813248593 ], [ 7.27521919156796, 47.954595689332976 ], [ 7.275191820289888, 47.95448961927994 ], [ 7.274918328236361, 47.954204725918672 ], [ 7.274501675326928, 47.953723141462483 ], [ 7.274419434514519, 47.953604071541896 ], [ 7.274590674875766, 47.953269749582724 ], [ 7.274440765743071, 47.953101277141563 ], [ 7.274326720518718, 47.952857401893439 ], [ 7.274235910220146, 47.952646785312048 ], [ 7.27420284473295, 47.952508517291221 ], [ 7.274183114477797, 47.952326434704403 ], [ 7.2741605526708, 47.952157086651603 ], [ 7.274142461404108, 47.95206414024576 ], [ 7.274477224253324, 47.951914835853572 ], [ 7.274388818887601, 47.951815849838241 ], [ 7.274270071621483, 47.951664982923944 ], [ 7.274177726150776, 47.951538230219256 ], [ 7.27413917469101, 47.951441642942136 ], [ 7.274100068866017, 47.951396439810836 ], [ 7.274012858227445, 47.951338852084305 ], [ 7.273824262231336, 47.951258515808824 ], [ 7.273711995698729, 47.951191173676868 ], [ 7.273547112759532, 47.951106230893927 ], [ 7.273355502017703, 47.951007999978195 ], [ 7.273193939799047, 47.950886873849313 ], [ 7.2730453020111, 47.950731862151535 ], [ 7.272962673439405, 47.950651553531699 ], [ 7.271981088900301, 47.950152374898657 ], [ 7.270005396893009, 47.948388619338374 ], [ 7.269571035749563, 47.948046531132981 ], [ 7.266071184878062, 47.945040508029884 ], [ 7.265331965492482, 47.94430578851707 ], [ 7.26256335081549, 47.941944622678477 ], [ 7.260433761578885, 47.93996194723065 ], [ 7.259582059773923, 47.939457201316785 ], [ 7.257278718527524, 47.938455841831221 ], [ 7.256742950595873, 47.938217999693784 ], [ 7.256319563894396, 47.938020475947241 ], [ 7.255906119521097, 47.937843256500997 ], [ 7.255529159919272, 47.937669004869221 ], [ 7.255201632855528, 47.937535921796652 ], [ 7.254944071306918, 47.93743413267395 ], [ 7.254646102561549, 47.937316022838395 ], [ 7.254375607770274, 47.937233699197272 ], [ 7.254135084338528, 47.937156420829346 ], [ 7.254024546155779, 47.937107010035 ], [ 7.253954744754171, 47.937048676072003 ], [ 7.253902301426669, 47.936960777626616 ], [ 7.253858036712804, 47.93685992011828 ], [ 7.253827948109963, 47.936680974955529 ], [ 7.253794022925713, 47.936518410298831 ], [ 7.253754501489579, 47.936338961065815 ], [ 7.253649853869098, 47.936093772467999 ], [ 7.25357536396434, 47.935956342544884 ], [ 7.253435748680594, 47.935753173099016 ], [ 7.253324771113298, 47.935569522603515 ], [ 7.253188233758239, 47.935298644010714 ], [ 7.249875948662194, 47.940780345686207 ], [ 7.249842219975534, 47.940778159829982 ], [ 7.249484864088809, 47.941188748887441 ], [ 7.248691752005449, 47.941312200459805 ], [ 7.248151271700897, 47.941470079527917 ], [ 7.247972861937147, 47.941498303331976 ], [ 7.247844380211144, 47.941558668139614 ], [ 7.247255807206823, 47.941732981161522 ], [ 7.24506011204962, 47.942636186919884 ], [ 7.243073067840729, 47.943620691207684 ], [ 7.241328087235013, 47.944324684034775 ], [ 7.24101081024645, 47.944518210569662 ], [ 7.242000178464222, 47.945062359300209 ], [ 7.243791114518616, 47.946293677600906 ], [ 7.245665638987063, 47.947701669012446 ], [ 7.2465591177418, 47.948655282257107 ], [ 7.247106094431675, 47.949488293410823 ], [ 7.247202196456637, 47.950520458908521 ], [ 7.246713793196232, 47.951757393164485 ], [ 7.246471650028949, 47.952037880408966 ], [ 7.24642991438429, 47.952309947441393 ], [ 7.246634502504764, 47.95234640415309 ], [ 7.248271286076296, 47.953358879004632 ], [ 7.250325789004733, 47.955254817656723 ], [ 7.250417685103263, 47.955521267905311 ], [ 7.249048175417601, 47.955939258550835 ], [ 7.249169330127286, 47.956519845474659 ], [ 7.249503457981548, 47.957226636724698 ], [ 7.250096472927692, 47.957832439309811 ], [ 7.250033844193177, 47.957880124461063 ], [ 7.249440913842079, 47.957995153864502 ], [ 7.249612164235984, 47.958393425451874 ], [ 7.249946401193059, 47.959821046326766 ], [ 7.250602282212235, 47.961820822402252 ], [ 7.251316554589424, 47.96300720064081 ], [ 7.2517301197304, 47.963845802536383 ], [ 7.251956578405005, 47.965541053715761 ], [ 7.25204061839512, 47.965622217861835 ], [ 7.252119650168649, 47.965721613412192 ], [ 7.252161762588146, 47.965813550996344 ], [ 7.252192108301586, 47.965966353241022 ], [ 7.252224036740062, 47.966092958677557 ], [ 7.252259231288429, 47.966268984106023 ], [ 7.252267446658536, 47.966443440909615 ], [ 7.252276331526013, 47.96662507788551 ], [ 7.252291807511207, 47.966762286599035 ], [ 7.252347216561759, 47.966939264001958 ], [ 7.252415062317589, 47.967062556884521 ], [ 7.252501783356291, 47.967172441378686 ], [ 7.252617495656859, 47.96731985145076 ], [ 7.252677402415737, 47.967415545752452 ], [ 7.252737068678221, 47.967566213729278 ], [ 7.25281486235622, 47.967724228708178 ], [ 7.252871594871865, 47.967814650163206 ], [ 7.252971447484397, 47.968007779042274 ], [ 7.253054345298589, 47.96820612612585 ], [ 7.253113500579831, 47.968293742458599 ], [ 7.253211913066907, 47.968370697265549 ], [ 7.255339714896124, 47.971130285203479 ], [ 7.255034836898067, 47.971227810244756 ], [ 7.254777921468406, 47.971393597986037 ], [ 7.254340337714046, 47.971650781932951 ], [ 7.253661115543518, 47.972079413688938 ], [ 7.253169790629438, 47.972249649964105 ], [ 7.252694648153656, 47.972305672503914 ], [ 7.252014098683651, 47.972418084593592 ], [ 7.251187945597952, 47.972551931137069 ], [ 7.250653078749047, 47.972672627464632 ], [ 7.250164911816332, 47.972833707314166 ], [ 7.249682011624808, 47.973051329026731 ], [ 7.249189513333001, 47.973381981498463 ], [ 7.248501545538138, 47.973875822321034 ], [ 7.247975374824533, 47.974306096473704 ], [ 7.247592478003702, 47.974877218455823 ], [ 7.247195667086317, 47.974938937395216 ], [ 7.246155571644678, 47.974577152517043 ], [ 7.245215750546518, 47.97457156246535 ], [ 7.244576680954871, 47.974913753265128 ], [ 7.244062912686539, 47.975160577585548 ], [ 7.243344464909138, 47.975789016687777 ], [ 7.24303118175409, 47.976330168311435 ], [ 7.242563344001828, 47.976349799836285 ], [ 7.242400441259174, 47.976041274369116 ], [ 7.240103381923204, 47.975870929507998 ], [ 7.240039803517652, 47.97592315254969 ], [ 7.239959017010435, 47.975949066352371 ], [ 7.239826017623155, 47.975961852267737 ], [ 7.239656512555225, 47.975942830850627 ], [ 7.239473558443174, 47.975909055676418 ], [ 7.239227027552835, 47.975898669805048 ], [ 7.238976151698462, 47.975899277944592 ], [ 7.23880748058199, 47.975903647089702 ], [ 7.238718256137401, 47.975925408659315 ], [ 7.238626771791022, 47.975995019404586 ], [ 7.23854981986599, 47.976105468073428 ], [ 7.23849550903092, 47.976199649959263 ], [ 7.237779929282118, 47.978201996941714 ], [ 7.237879225018949, 47.978591583244381 ], [ 7.237890467939275, 47.97894341326667 ], [ 7.237825865866293, 47.979143445974081 ], [ 7.237533593563594, 47.979377349241247 ], [ 7.237226296920448, 47.979464113155053 ], [ 7.236770371360808, 47.97952556916043 ], [ 7.236422556109527, 47.979580690989039 ], [ 7.235424256930526, 47.978946752101095 ], [ 7.234672479432621, 47.978077222634667 ], [ 7.23387056799804, 47.977389993680632 ], [ 7.23314371132984, 47.97751053803767 ], [ 7.232721854168584, 47.977302948189624 ], [ 7.232249836124677, 47.977277661860597 ], [ 7.231802823246065, 47.977521633554545 ], [ 7.231535479011004, 47.977532826146756 ], [ 7.230833784707015, 47.977201791451677 ], [ 7.230616611841748, 47.977030677485352 ], [ 7.230345103646243, 47.976996990656744 ], [ 7.230294932785243, 47.977179294890973 ], [ 7.230048419741881, 47.977414867635581 ], [ 7.229347175373524, 47.97731987313707 ], [ 7.229296947962957, 47.977385947431117 ], [ 7.228993823720538, 47.977792377442398 ], [ 7.228767257884878, 47.97806946035476 ], [ 7.228561102135982, 47.9782483786109 ], [ 7.228325124164543, 47.978409622674036 ], [ 7.228674026266492, 47.978959063727828 ], [ 7.228986240102266, 47.979575813403102 ], [ 7.22925219636197, 47.98011340615308 ], [ 7.229685010125053, 47.980959372950082 ], [ 7.229984223535183, 47.981537019447835 ], [ 7.230155001153445, 47.981873160992727 ], [ 7.230355127999826, 47.982467567576116 ], [ 7.230358885020681, 47.982479123591951 ], [ 7.230393368464455, 47.982575891525229 ], [ 7.230499743277458, 47.982868775929163 ], [ 7.23055450238036, 47.983082728745558 ], [ 7.230598073868818, 47.983262911033975 ], [ 7.230622839201686, 47.983471811964336 ], [ 7.230608085213688, 47.983674257663637 ], [ 7.230591997689792, 47.983862342846002 ], [ 7.230599970568761, 47.984063837341608 ], [ 7.230618423166545, 47.984118027207415 ], [ 7.230802961437806, 47.984616676305571 ], [ 7.230989217079292, 47.984931445494887 ], [ 7.231228995542554, 47.985417870754141 ], [ 7.231436471019854, 47.985773197998796 ], [ 7.231635520382672, 47.986081123658543 ], [ 7.231890331302684, 47.986657020323811 ], [ 7.232069156341087, 47.987007238776961 ], [ 7.232194091131858, 47.987340791593105 ], [ 7.232248870770557, 47.987511493856097 ], [ 7.232316844823953, 47.987723090563755 ], [ 7.232371690784511, 47.987981188733208 ], [ 7.232392028593487, 47.988229018261919 ], [ 7.232401846264224, 47.988435841353301 ], [ 7.232384510057996, 47.988624879797271 ], [ 7.232360068833754, 47.988824126841273 ], [ 7.232340898061234, 47.988993419643514 ], [ 7.232309104409366, 47.989185766272506 ], [ 7.232270291917193, 47.989374802612566 ], [ 7.2322404154247, 47.989587792300867 ], [ 7.232240298932112, 47.989745475157029 ], [ 7.232247454254138, 47.989894744444378 ], [ 7.232223690996752, 47.990043505955043 ], [ 7.232157553087487, 47.990227378859075 ], [ 7.23187062517835, 47.99085208031952 ], [ 7.231827965441593, 47.991043079290094 ], [ 7.231813485965483, 47.991147302187642 ], [ 7.231792815048283, 47.991286022827694 ], [ 7.231782522802342, 47.991348623712909 ], [ 7.231760335341005, 47.991543270779438 ], [ 7.23173356547403, 47.991674137497661 ], [ 7.231699789212552, 47.991744028382264 ], [ 7.231643856511837, 47.99186440244253 ], [ 7.231504357183863, 47.991981065848073 ], [ 7.231379731966703, 47.992098908582129 ], [ 7.231231358810092, 47.992279014032093 ], [ 7.231144991414018, 47.992461930450325 ], [ 7.231114968453254, 47.992557793440099 ], [ 7.231057913193284, 47.992825079445737 ], [ 7.230985775392284, 47.99326238723576 ], [ 7.230945424396528, 47.993565014570351 ], [ 7.230882758423627, 47.993873080681681 ], [ 7.23086424456572, 47.994063969349277 ], [ 7.230885521650969, 47.994206340204983 ], [ 7.230958503930824, 47.994457372102708 ], [ 7.231023484022587, 47.99462224149498 ], [ 7.231062738370992, 47.994726918458447 ], [ 7.23119128963634, 47.995012566390706 ], [ 7.231241411966002, 47.995104174309766 ], [ 7.231252089615931, 47.995190224782959 ], [ 7.231256975537068, 47.995387342291927 ], [ 7.231276730654646, 47.995614471996895 ], [ 7.231280859835509, 47.995832344439513 ], [ 7.231309995151636, 47.995972584284729 ], [ 7.231367278787172, 47.99618462824084 ], [ 7.231459073501232, 47.996421357309224 ], [ 7.231543015754925, 47.996645800745121 ], [ 7.231582006556996, 47.996819866562319 ], [ 7.231621818667747, 47.997060572951021 ], [ 7.231659966745593, 47.997268912484934 ], [ 7.231687834206688, 47.997482187300982 ], [ 7.231698407572633, 47.997668254453529 ], [ 7.231671766371415, 47.997959495446977 ], [ 7.231672562171751, 47.99814146667422 ], [ 7.231709367670587, 47.99837869469313 ], [ 7.231712940427878, 47.998474953500065 ], [ 7.231769397716628, 47.99866360541521 ], [ 7.23177330727169, 47.99874903796902 ], [ 7.231761743958704, 47.998884673718969 ], [ 7.231733540272853, 47.999057947332759 ], [ 7.231745862008708, 47.999277278618372 ], [ 7.231748011090038, 47.999387112140553 ], [ 7.231831350614604, 47.99972060291465 ], [ 7.231932242759919, 48.000055161065575 ], [ 7.232066139501544, 48.000441497552629 ], [ 7.232191949092019, 48.000740774224198 ], [ 7.232319341633251, 48.001071519924828 ], [ 7.232412736639111, 48.001310884210909 ], [ 7.232526785025309, 48.001512442541618 ], [ 7.232547580909735, 48.001591762174741 ], [ 7.232657158562782, 48.001586274877198 ], [ 7.232742086184877, 48.001546679764694 ], [ 7.232842650278648, 48.001473092667787 ], [ 7.232957524521656, 48.001307904290037 ], [ 7.23326682177643, 48.00063451550038 ], [ 7.233464849952889, 48.000049577614675 ], [ 7.233564986521549, 47.999552531443079 ], [ 7.233690980298879, 47.998871496702073 ], [ 7.233870187177029, 47.998315276505373 ], [ 7.234048055561752, 47.997744695520481 ], [ 7.234089021727001, 47.997665493029935 ], [ 7.234456457893536, 47.99695362333231 ], [ 7.23468174009066, 47.996662171886356 ], [ 7.235024871083588, 47.99629550526852 ], [ 7.235384218995122, 47.995872295159131 ], [ 7.235615132143649, 47.995872534838369 ], [ 7.236859876761875, 47.995847422929856 ], [ 7.237628926283488, 47.995773753927409 ], [ 7.237845051021415, 47.9957304589703 ], [ 7.23867895849224, 47.995560359162397 ], [ 7.239231469047211, 47.995424574055164 ], [ 7.239820252812617, 47.995202569745189 ], [ 7.240279412809274, 47.994958065217041 ], [ 7.240976921037334, 47.994563005339494 ], [ 7.241307789617839, 47.994295944016443 ], [ 7.24203837331813, 47.993982383974839 ], [ 7.242148938009248, 47.993929992526084 ], [ 7.242904499335122, 47.99356762476166 ], [ 7.243460069517416, 47.993248782152229 ], [ 7.244840007552113, 47.991908721827187 ], [ 7.245830391757035, 47.990825568135548 ], [ 7.246906222591218, 47.98976674800187 ], [ 7.248016024323375, 47.988756045480052 ], [ 7.248025967441025, 47.988747518641063 ], [ 7.248670094121572, 47.988227602441206 ], [ 7.249812110630539, 47.987433575571607 ], [ 7.25005040434066, 47.987283002993884 ], [ 7.250425039583875, 47.986939286512303 ], [ 7.250504160169783, 47.986866582496496 ], [ 7.251567544562697, 47.985877612464392 ], [ 7.251679996420211, 47.985773772486965 ], [ 7.252245991437999, 47.985150794722429 ], [ 7.252378148944902, 47.984984855268458 ], [ 7.252551652606664, 47.984744193723202 ], [ 7.2529180569397, 47.984355761652104 ], [ 7.253349138603456, 47.984027681132389 ], [ 7.25396094138375, 47.983694702310508 ], [ 7.254067794121616, 47.98363164158053 ], [ 7.254292609312479, 47.983495141177208 ], [ 7.254762713849154, 47.983254616115936 ], [ 7.25478836193958, 47.983241823902894 ], [ 7.255521037699349, 47.982866809557493 ], [ 7.256603891662358, 47.982246390935124 ], [ 7.257542776709733, 47.981679775018769 ], [ 7.258280629412434, 47.981145039437443 ], [ 7.25935648469145, 47.980536600044765 ], [ 7.261063963818636, 47.9795068931465 ], [ 7.263681688404519, 47.977821588172105 ], [ 7.263678640618275, 47.97750184548913 ], [ 7.263641980286835, 47.97710963346028 ], [ 7.26359567272137, 47.976829557573723 ], [ 7.263483947543416, 47.976538722644037 ], [ 7.263266706256113, 47.976238818200152 ], [ 7.263098698856297, 47.976006219392673 ], [ 7.263091230807608, 47.975696574297551 ], [ 7.2629848550055, 47.975175746783989 ], [ 7.263252180610027, 47.975164482352795 ], [ 7.266953402703139, 47.975999612563555 ], [ 7.268728827423663, 47.976330202256896 ], [ 7.270466471848062, 47.9762568873183 ], [ 7.271788161245154, 47.976040717749449 ], [ 7.272261591941843, 47.976037852731807 ], [ 7.272308626456234, 47.976038570308127 ], [ 7.272363680812854, 47.976038949299536 ], [ 7.272425426338125, 47.976053462626652 ], [ 7.272491357883199, 47.976084018145976 ], [ 7.272605180535705, 47.976153099135558 ], [ 7.272750871101345, 47.976290215640844 ], [ 7.272891291778232, 47.976414038693513 ], [ 7.272986066362819, 47.976480319354295 ], [ 7.273134399484996, 47.976559656492235 ], [ 7.273336863444368, 47.976629499430757 ], [ 7.273536226067981, 47.97668055088252 ], [ 7.273587792060273, 47.976715316639151 ], [ 7.273607286646767, 47.976765853479662 ], [ 7.273630504787176, 47.976899129957346 ], [ 7.273949058178312, 47.977191135211996 ], [ 7.274629248148619, 47.977432725705519 ], [ 7.275160510092126, 47.977302160524857 ], [ 7.275259600519877, 47.97731419397028 ], [ 7.275410821103171, 47.977324025307666 ], [ 7.27571032794705, 47.977326691329701 ], [ 7.275786106485942, 47.977333401734917 ], [ 7.275875597042533, 47.977357553913606 ], [ 7.276023104910668, 47.977442328830534 ], [ 7.276180213288278, 47.977514984271679 ], [ 7.276261591168162, 47.977524160987201 ], [ 7.27633226665141, 47.977519372938772 ], [ 7.27650241745492, 47.977473438778013 ], [ 7.27675058124302, 47.977400780705914 ], [ 7.276873957079858, 47.977371239207095 ], [ 7.279485560399934, 47.977272573781114 ], [ 7.280145474813458, 47.977154567522398 ], [ 7.280247902699119, 47.97715924720778 ] ] ] ] } },
{ "type": "Feature", "properties": { "SOURCE": "BDCarto", "NOM": "Biltzheim", "CODE_INSEE": "68037", "STATUT": "Commune simple", "CANTON": "ENSISHEIM", "ARROND": "GUEBWILLER", "DEPART": "HAUT-RHIN", "REGION": "ALSACE", "POPULATION": 334, "MULTI_CANT": "Non", "dissolve": 1 }, "geometry": { "type": "MultiPolygon", "coordinates": [ [ [ [ 7.34603471531055, 47.974641280097508 ], [ 7.344734649289207, 47.961242881944948 ], [ 7.343824587170872, 47.96140379400213 ], [ 7.342860887000863, 47.96168206817913 ], [ 7.342359811514145, 47.961703529524613 ], [ 7.341900157909412, 47.961723214845136 ], [ 7.339976950484823, 47.96208400166438 ], [ 7.339321616060982, 47.962247219291619 ], [ 7.338728831593268, 47.962362700790223 ], [ 7.337300260643326, 47.962153498270887 ], [ 7.335315943608145, 47.961742771879145 ], [ 7.334948960805797, 47.961551212300691 ], [ 7.336482097089863, 47.963287848743853 ], [ 7.336499795268066, 47.964323362265667 ], [ 7.335838878683025, 47.96513559213296 ], [ 7.334763683331591, 47.965965532213197 ], [ 7.332428891428448, 47.966813257206951 ], [ 7.332297177049747, 47.967065787944719 ], [ 7.332068417143249, 47.967526114344075 ], [ 7.331973607309792, 47.96777166075082 ], [ 7.33193373427962, 47.967903123028925 ], [ 7.331936418328364, 47.968058898547355 ], [ 7.331977286316953, 47.968221152205892 ], [ 7.332132318041366, 47.968370417209428 ], [ 7.33243905450809, 47.968478055747212 ], [ 7.332730812382788, 47.9685692128187 ], [ 7.332952946405237, 47.968732729772071 ], [ 7.333197241010589, 47.968861057322485 ], [ 7.333370159439651, 47.968915841907233 ], [ 7.333426556628853, 47.968972903790501 ], [ 7.333465495715092, 47.96902981081513 ], [ 7.333479734975623, 47.96905263074666 ], [ 7.333491921554075, 47.969096263724083 ], [ 7.334298091411568, 47.968909514227768 ], [ 7.334477217875296, 47.968930691083777 ], [ 7.33468401291898, 47.969059717888619 ], [ 7.334797125915975, 47.969163013655347 ], [ 7.334907030983599, 47.969246622267399 ], [ 7.334738483733175, 47.96945026891688 ], [ 7.334581442122745, 47.969690368448617 ], [ 7.334292869826392, 47.969901849184147 ], [ 7.334064639910629, 47.970084617548707 ], [ 7.333897809823115, 47.970221507844279 ], [ 7.33385879046985, 47.970361945236412 ], [ 7.33395501995267, 47.970556073511673 ], [ 7.334140614445899, 47.970886051830945 ], [ 7.334160182728954, 47.971092468211893 ], [ 7.333976124497925, 47.971316600468796 ], [ 7.333572885198302, 47.971550101403295 ], [ 7.333407179710333, 47.971713074434597 ], [ 7.333388558654015, 47.971913013179325 ], [ 7.333433078606334, 47.972057088245521 ], [ 7.333832660601654, 47.972464425707933 ], [ 7.334310811270164, 47.972893633962499 ], [ 7.334590307253968, 47.97312408080888 ], [ 7.334809998469718, 47.973261567467475 ], [ 7.334981426291547, 47.973314611761829 ], [ 7.335109730642349, 47.973309125983718 ], [ 7.335268623744616, 47.973215826613071 ], [ 7.335517405413189, 47.97298081512708 ], [ 7.335618613347914, 47.972958465404872 ], [ 7.335804257058837, 47.973019911605967 ], [ 7.336062452264446, 47.97329451890198 ], [ 7.3361388612127, 47.97342100967051 ], [ 7.336142689852693, 47.973602868123976 ], [ 7.336041623883276, 47.973754069444688 ], [ 7.335759018300553, 47.974042792024584 ], [ 7.335669698543252, 47.974176369734998 ], [ 7.335665862743061, 47.974418929442216 ], [ 7.335699311506911, 47.974771631096459 ], [ 7.335711028931046, 47.975022536661122 ], [ 7.335596593504128, 47.975174308992528 ], [ 7.335285759336839, 47.975377731355785 ], [ 7.335255739942466, 47.975457410428334 ], [ 7.33525624656127, 47.975604267792008 ], [ 7.33529389654661, 47.975732416178879 ], [ 7.335423284414363, 47.975865653126029 ], [ 7.335701568251038, 47.976012347510796 ], [ 7.335834898479542, 47.976201283586057 ], [ 7.335870719089134, 47.976380872655788 ], [ 7.335845151389799, 47.976521636176386 ], [ 7.336011686329583, 47.976636163273987 ], [ 7.336015429643899, 47.976817123959918 ], [ 7.336031006762428, 47.976981358833179 ], [ 7.33615982906621, 47.977122729155518 ], [ 7.336351676890039, 47.977235272305322 ], [ 7.336494488794846, 47.977255296874795 ], [ 7.336726572222833, 47.977254382552346 ], [ 7.336938113024553, 47.977305708982854 ], [ 7.337050822411318, 47.977404514828514 ], [ 7.337030876540489, 47.977604510709277 ], [ 7.337008973003549, 47.977925337480208 ], [ 7.337046859486296, 47.978183233446778 ], [ 7.337082046566215, 47.978285354831009 ], [ 7.337216152533417, 47.978340893825866 ], [ 7.337491856390448, 47.978389475136993 ], [ 7.337824909569781, 47.978504987289554 ], [ 7.337988415288629, 47.978601619504275 ], [ 7.33806645454975, 47.978745160318724 ], [ 7.338122419277062, 47.978924788240747 ], [ 7.338265470011196, 47.979074558870188 ], [ 7.338273645625173, 47.979160714609876 ], [ 7.338143372408513, 47.97928703468456 ], [ 7.337736854783832, 47.979486445656647 ], [ 7.337490775166149, 47.979608707336965 ], [ 7.337429316317798, 47.979767225954781 ], [ 7.337330226331003, 47.979953485836418 ], [ 7.337311173862772, 47.980092168648348 ], [ 7.337032968005158, 47.98028608877852 ], [ 7.336797865931113, 47.980382648523914 ], [ 7.336568237683462, 47.980409589217132 ], [ 7.33626488707289, 47.980465813681299 ], [ 7.336170348434768, 47.980487878091772 ], [ 7.336743198202369, 47.980556194814163 ], [ 7.337036017354793, 47.980544573276418 ], [ 7.337454399516405, 47.980526679562232 ], [ 7.338166818246367, 47.980524140818744 ], [ 7.339174610806339, 47.980536894487273 ], [ 7.339852890299076, 47.980415058838297 ], [ 7.340280788163128, 47.980257077299449 ], [ 7.340725516978317, 47.980120901228425 ], [ 7.341122985660414, 47.979911053784534 ], [ 7.341228809469016, 47.979173929304139 ], [ 7.34114879749065, 47.978557396630272 ], [ 7.341163620452503, 47.97826120094296 ], [ 7.341219819856394, 47.977976750608072 ], [ 7.3412386739304, 47.977737151644448 ], [ 7.341163731764004, 47.977555633722012 ], [ 7.342761757657528, 47.977283570096851 ], [ 7.343358963198277, 47.977212941732901 ], [ 7.344172185846036, 47.977085299690842 ], [ 7.34433533409396, 47.976598924259719 ], [ 7.344782056095975, 47.97556604585462 ], [ 7.344972102992598, 47.974910910754971 ], [ 7.345749970109543, 47.974708176489891 ], [ 7.34603471531055, 47.974641280097508 ] ] ] ] } }
]
}
